hospital_id,hospital_name,hospital_add,hospital_code,hospital_phone,hospital_country
1002,"NORTHWEST MEDICAL CENTER","1530 U S HIGHWAY 43",36617,2054877736,MARION
1003,"PLANTATION GENERAL HOSPITAL","5900 COLLEGE ROAD",33544,8636871100,MONROE
1009,"PHOENIX INDIAN MEDICAL CENTER","4212 NORTH 16TH STREET",85308,6029235000,MARICOPA
1010,"TULARE REGIONAL MEDICAL CENTER","2170 SOUTH AVENUE",93611,5596880821,"EL DORADO"
1013,"NORTHERN INYO HOSPITAL","3300 RENNER DRIVE",80138,7603264531,HUMBOLDT
1016,"ATHENS LIMESTONE HOSPITAL","700 WEST MARKET STREET",36535,2562339292,LIMESTONE
1024,"OROVILLE HOSPITAL","3800 JANES RD",94589,6613271792,HUMBOLDT
1035,"ALVARADO HOSPITAL MEDICAL CENTER","2701 S BRISTOL ST",92315,6503248500,ORANGE
1036,"SAGE MEMORIAL HOSPITAL","483 WEST SEED FARM ROAD",72143,9282894691,PINAL
1047,"YAVAPAI REGIONAL MEDICAL CENTER","1003 WILLOW CREEK ROAD",85541,9283367600,YAVAPAI
1053,"BRIDGEPORT HOSPITAL","50 HOSPITAL HILL ROAD, PO BOX 789",33870,8606844251,LITCHFIELD
1059,"STANFORD HEALTH CARE - VALLEYCARE","2175 ROSALINE AVE, CLAIRMONT HGTS",93274,6509924000,SHASTA
1064,"UNIVERSITY OF CALIFORNIA IRVINE MED CENTER","1000 GREENLEY ROAD",95350,7144566112,TUOLUMNE
1074,"SPANISH PEAKS REGIONAL HEALTH CENTER","373 E TENTH AVE",32114,9708485405,BACA
1079,"FAIRBANKS MEMORIAL HOSPITAL","1650 COWLES STREET",99576,9072761131,"FAIRBANKS NORTH STAR"
1081,"MORTON PLANT NORTH BAY HOSPITAL","200 AVE F NE",32978,3522533300,POLK
1085,"SENECA DISTRICT HOSPITAL","1375 UNIVERSITY AVENUE",80109,5302832121,SONOMA
1090,"CHICOT MEMORIAL MEDICAL CENTER","404 SOUTH BRADLEY STREET",95128,8704233355,BRADLEY
1097,"LUTHERAN MEDICAL CENTER","1801 16TH STREET",81052,7195892511,WELD
1098,"PROVIDENCE LITTLE CO OF MARY MED CTR SAN PEDRO","2425 GEARY BLVD",95203,8059882500,"SAN FRANCISCO"
1100,"HEBREW HOME AND HOSPITAL INC","24 STEVENS STREET",33064,2036795900,FAIRFIELD
1101,"SCOTTSDALE OSBORN MEDICAL CENTER","7400 EAST OSBORN ROAD",86504,5204173001,MARICOPA
1103,"WICKENBURG COMMUNITY HOSPITAL","4455 SOUTH I-19 FRONTAGE ROAD",85210,5205862261,PIMA
1108,"SOUTHEAST COLORADO HOSPITAL","111 6TH ST",32803,9704743323,LINCOLN
1112,"COMMUNITY REGIONAL MEDICAL CENTER","1420 S CENTRAL AVE",90262,2098473011,"LOS ANGELES"
1116,"ATMORE COMMUNITY HOSPITAL","401 MEDICAL PARK DRIVE",36904,2513682500,ESCAMBIA
1117,"SHRINERS HOSPITALS FOR CHILDREN","1201 W LA VETA AVE",81089,5629338001,ORANGE
1125,"JACKSON HOSPITAL & CLINIC INC","1725 PINE STREET",36106,3342938000,MONTGOMERY
1133,"WASHINGTON REGIONAL MEDICAL CENTER","1100 EAST POPLAR STREET",72801,5015523000,JOHNSON
1134,"LOMPOC VALLEY MEDICAL CENTER","1400 E CHURCH ST",90015,3103194000,"SANTA BARBARA"
1135,"PACIFIC ALLIANCE MEDICAL CENTER","4001 J ST",90027,9517883000,SACRAMENTO
1139,"PROWERS MEDICAL CENTER","214 S 4TH STREET",33150,7195302200,GRAND
1141,"MEDICAL CENTER OF TRINITY","3360 BURNS RD",32320,3052847500,"PALM BEACH"
1148,"ST VINCENT'S MEDICAL CENTER RIVERSIDE","10000 W COLONIAL DR",33613,9549872000,ORANGE
1151,"FAIRVIEW DEVELOPMENTAL CENTER","2000 SUTTER PLACE",94583,5597822222,YOLO
1153,"ABRAZO SCOTTSDALE CAMPUS","3929 EAST BELL ROAD",86442,9286747001,MARICOPA
1154,"HILL HOSPITAL OF SUMTER COUNTY","751 DERBY DRIVE",36265,2053925263,SUMTER
1170,"KAISER FOUNDATION HOSPITAL - ROSEVILLE","455 PLUMAS BLVD",80204,9512904000,SUTTER
1173,"SCOTTSDALE THOMPSON PEAK MEDICAL CENTER","1900 NORTH HIGLEY ROAD",85147,4803944030,MARICOPA
1175,"ADVENTIST HEALTH MEDICAL CENTER TEHACHAPI VALLEY","1680 EAST 120TH STREET",80538,9095967733,"LOS ANGELES"
1177,"MELISSA MEMORIAL HOSPITAL","1208 LUTHER STREET",20017,9707746123,KIOWA
1183,"NATIONAL PARK MEDICAL CENTER","1001 SCHNEIDER DRIVE",71654,5017766000,"HOT SPRING"
1184,"DELANO REGIONAL MEDICAL CENTER","7500 HOSPITAL DRIVE",91356,9498374500,SACRAMENTO
1189,"JOHN MUIR MEDICAL CENTER - CONCORD CAMPUS","1225 WILSHIRE BOULEVARD",91773,5105371234,"LOS ANGELES"
1193,"CROSSRIDGE COMMUNITY HOSPITAL","103 GRASSE STREET",72454,8702225600,IZARD
1196,"TROY REGIONAL MEDICAL CENTER","1330 HIGHWAY 231 SOUTH",36545,3346705000,PIKE
1212,"CHINO VALLEY MEDICAL CENTER","17100 EUCLID STREET",92869,7146707400,ORANGE
1224,"CULLMAN REGIONAL MEDICAL CENTER","1912 ALABAMA HIGHWAY 157",36420,2567372000,CULLMAN
1235,"ST MARY'S MEDICAL CENTER","300 PASTEUR DRIVE",93637,6613953000,"SANTA CLARA"
1238,"ST BERNARDS MEDICAL CENTER","1601 NEWCASTLE ROAD",72076,4797515711,"SAINT FRANCIS"
1241,"BROWARD HEALTH NORTH","1055 SAXON BLVD",33990,5619657300,VOLUSIA
1243,"ST VINCENTS BLOUNT","150 GILBREATH DRIVE",99801,2059399100,BLOUNT
1244,"PIONEERS MEDICAL CENTER","711 N TAYLOR STREET",33701,9705441261,GUNNISON
1250,"SILVER LAKE MEDICAL CENTER","4929 VAN NUYS BLVD",90020,9258136500,"LOS ANGELES"
1252,"KAISER FOUNDATION HOSPITAL - WEST LA","2501 HARBOR BOULEVARD",90804,8188761888,ORANGE
1260,"SARASOTA MEMORIAL HOSPITAL","4725 N FEDERAL HWY",34950,8509514500,BROWARD
1263,"PALM BEACH GARDENS MEDICAL CENTER","1324 LAKELAND HILLS BLVD",34108,5613625002,POLK
1265,"FLORIDA HOSPITAL MEMORIAL MEDICAL CENTER","2190 HWY 85 N",32547,7278428468,OKALOOSA
1267,"SAINT FRANCIS MEDICAL CENTER","3865 JACKSON STREET",90242,8057393100,RIVERSIDE
1271,"MARIN GENERAL HOSPITAL","4101 TORRANCE BLVD",94520,4159257900,"LOS ANGELES"
1276,"HOSPITAL OF CENTRAL CONNECTICUT, THE","2800 MAIN ST",33952,2038522000,FAIRFIELD
1286,"FLORIDA HOSPITAL NORTH PINELLAS","3600 S HIGHLANDS AVE",33525,3056936100,HIGHLANDS
1304,"COAST PLAZA HOSPITAL","27300 IRIS AVENUE",80524,9497275000,RIVERSIDE
1307,"ARIZONA SPINE AND JOINT HOSPITAL","6750 EAST BAYWOOD AVENUE",85234,6027956020,MARICOPA
1313,"BANNER FORT COLLINS MEDICAL CENTER","575 RIVERGATE LANE",19963,7204552500,"LA PLATA"
1318,"BAPTIST MEDICAL CENTER - NASSAU","1 TAMPA GENERAL CIR",32550,9042593151,HILLSBOROUGH
1320,"BARTLETT REGIONAL HOSPITAL","3260 HOSPITAL DR",99762,9074528181,JUNEAU
1324,"DENVER HEALTH MEDICAL CENTER","1600 PRAIRIE CENTER PARKWAY",81641,9704957000,ADAMS
1331,"STRINGFELLOW MEMORIAL HOSPITAL","301 EAST 18TH ST",35801,2562358900,CALHOUN
1339,"EUREKA SPRINGS HOSPITAL, LLC","801 WEST RIVER STREET",71671,4796374135,FRANKLIN
1341,"LAKE MARTIN COMMUNITY HOSPITAL","201 MARIARDEN ROAD",36305,2568257821,TALLAPOOSA
1342,"MONTROSE MEMORIAL HOSPITAL","3160 GENEVA STREET",81082,3034981601,"LOS ANGELES"
1343,"GROSSMONT HOSPITAL","200 WEST ARBOR DRIVE",95051,7078223621,"SAN DIEGO"
1347,"HUHU KAM MEMORIAL HOSPITAL","12033 AGENCY ROAD",72833,9287554541,"LA PAZ"
1348,"SUTTER MEDICAL CENTER, SACRAMENTO","3630 EAST IMPERIAL HIGHWAY",93940,8057373300,"LOS ANGELES"
1352,"SANTA YNEZ VALLEY COTTAGE HOSPITAL","1065 BUCKS LAKE ROAD",81521,5302335131,PLUMAS
1363,"SCRIPPS GREEN HOSPITAL","25825 SOUTH VERMONT AVENUE",95431,7609224115,"LOS ANGELES"
1367,"ST VINCENT'S ST CLAIR","7063 VETERANS PARKWAY",36925,2053383301,"SAINT CLAIR"
1369,"NORTHERN COCHISE COMMUNITY HOSPITAL, INC.","450 SOUTH OCOTILLO AVENUE",72830,9286452424,COCHISE
1376,"MEDICAL CENTER OF THE ROCKIES","7700 S BROADWAY",19901,9706683300,ARAPAHOE
1391,"CLAY COUNTY HOSPITAL","83825 HIGHWAY 9    P O BOX 1270",36207,2563542131,CLAY
1393,"RIO GRANDE HOSPITAL","2500 ROCKY MOUNTAIN AVENUE",20037,7194385401,LARIMER
1402,"SOUTH MIAMI HOSPITAL","159 N 3RD ST",34769,8507182620,BAKER
1406,"ST ANTHONY NORTH HEALTH CAMPUS","1906 BLAKE AVE",6050,3036731000,GARFIELD
1407,"CENTINELA HOSPITAL MEDICAL CENTER","1720 TERMINO AVENUE",93514,6265732222,"LOS ANGELES"
1411,"VALLEY PRESBYTERIAN HOSPITAL","1812 VERDUGO BLVD",94598,5306623961,"LOS ANGELES"
1416,"CHILDREN'S HOSP OF LOS ANGELES","1081 NORTH CHINA LAKE BLVD",80758,5104283000,KERN
1420,"COMMUNITY MEMORIAL HOSPITAL SAN BUENAVENTURA","2425 SAMARITAN DRIVE",92392,5269045000,"SANTA CLARA"
1424,"ST JOSEPH HOSPITAL","27200 CALAROGA AVE",94115,6506965270,ALAMEDA
1431,"BANNER PAYSON MEDICAL CENTER","807 SOUTH PONDEROSA DRIVE",85202,4807283000,GILA
1433,"MERCY HOSPITAL FORT SMITH","1001 TOWSON AVENUE",72855,8702353000,SEBASTIAN
1453,"YAMPA VALLEY MEDICAL CENTER","4567 E 9TH AVENUE",6226,9708673391,DENVER
1467,"BROWARD HEALTH IMPERIAL POINT","701 W COCOA BEACH CAUSEWAY",32425,3054458461,BREVARD
1469,"AHMC ANAHEIM REGIONAL MEDICAL CENTER","ONE HOAG DRIVE",95403,4152068000,ORANGE
1472,"FOUNTAIN VALLEY REGIONAL HOSPITAL & MEDICAL CENTER","23388 MULHOLLAND DRIVE",91733,9493641400,"LOS ANGELES"
1475,"SANTA CLARA VALLEY MEDICAL CENTER","420 34TH ST",90732,5303327300,KERN
1480,"COLORADO RIVER MEDICAL CENTER","15630 18TH AVE - HWY 53",80122,7074316500,LAKE
1491,"ST ANTHONY SUMMIT MEDICAL CENTER","10101 RIDGE GATE PARKWAY",19805,9702473537,DOUGLAS
1495,"PAGOSA SPRINGS MEDICAL CENTER","401 KENDALL DRIVE",33021,9705656666,PROWERS
1500,"FLORIDA HOSPITAL CARROLLWOOD","1395 S PINELLAS AVE",33321,7278251100,PINELLAS
1505,"ORCHARD HOSPITAL","1133 W SYCAMORE ST",80229,7079233921,GLENN
1511,"MEMORIAL HOSPITAL OF GARDENA","505 PARNASSUS AVE, BOX 0296",92270,2095781211,"SAN FRANCISCO"
1512,"UF HEALTH SHANDS HOSPITAL","410 S 11TH ST",32561,2393692101,POLK
1527,"OUACHITA COUNTY MEDICAL CENTER","2801 MEDICAL CENTER DRIVE",72118,8703672411,RANDOLPH
1529,"KAISER FOUNDATION HOSPITAL - SOUTH SAN FRANCISCO","350 S OAK AVE",93436,4082366400,STANISLAUS
1531,"CHILDREN'S HOSPITAL NMC","2041 GEORGIA AVE NW",32164,2025746611,"DISTRICT OF COLUMBIA"
1541,"WEISBROD MEMORIAL COUNTY HOSPITAL","340 PEAK ONE DRIVE",19899,9708214000,SUMMIT
1555,"CASA COLINA HOSPITAL","2500 MERCED STREET",80045,7146197700,ALAMEDA
1562,"DALE MEDICAL CENTER","126 HOSPITAL AVE",36360,3347742601,DALE
1565,"FULTON COUNTY HOSPITAL","3050 TWIN RIVERS DRIVE",92103,8703644111,CLARK
1571,"RUSSELL HOSPITAL","3316 HIGHWAY 280",36027,2563297100,TALLAPOOSA
1578,"SURPRISE VALLEY COMMUNITY HOSPITAL","85 SIERRA PARK ROAD PO BOX 660",80487,5309341818,MONO
1584,"MEDICAL CENTER OF AURORA, THE","9191 GRANT ST",6810,9704762451,ADAMS
1590,"ST JOSEPHS HOSPITAL","1200 SEVENTH AVE N",32514,3527965111,PINELLAS
1592,"HOMESTEAD HOSPITAL","700 WEST OAK STREET",33137,8635338111,OSCEOLA
1593,"PLATTE VALLEY MEDICAL CENTER","2801 ATLANTIC AVENUE",81230,3036515111,"LOS ANGELES"
1595,"MERCY REGIONAL MEDICAL CENTER","106 BLANCA AVE",81321,7195574000,ALAMOSA
1600,"NATIONAL JEWISH HEALTH","615 FAIRHURST ST",6032,7206270000,LOGAN
1607,"DELTA COUNTY MEMORIAL HOSPITAL","1000 LINCOLN ST",6040,3034517800,MORGAN
1611,"FAYETTE MEDICAL CENTER","1653 TEMPLE AVENUE NORTH",35901,2059325966,FAYETTE
1638,"MEMORIAL HOSPITAL OF TAMPA","6500 38TH AVE N",33440,9549740400,PINELLAS
1653,"WEST COVINA MEDICAL CENTER, INC","2623 E SLAUSON AVE",94945,7149852811,"LOS ANGELES"
1655,"CENTURA HEALTH-LITTLETON ADVENTIST HOSPITAL","1501 S POTOMAC ST",6492,7202251000,ARAPAHOE
1656,"KAISER FOUNDATION HOSPITAL - BALDWIN PARK","6125 NORTH FRESNO ST",96093,8314772200,FRESNO
1662,"SPARKS REGIONAL MEDICAL CENTER","778 SCOGIN DRIVE",72032,4793146000,DREW
1679,"NORTH METRO MEDICAL CENTER","1703 NORTH BUERKLE ST",72519,5013321000,ARKANSAS
1681,"LA PALMA INTERCOMMUNITY HOSPITAL","27700 MEDICAL CENTER RD",90036,7603403911,ORANGE
1682,"PIGGOTT COMMUNITY HOSPITAL","214 CARTER STREET",91342,4797875291,CARROLL
1692,"HEALDSBURG DISTRICT HOSPITAL","444 BRUCE STREET",80124,5302522000,SISKIYOU
1701,"PALOMAR HEALTH DOWNTOWN CAMPUS","1250 16TH STREET",91436,8188858500,"LOS ANGELES"
1702,"KAISER FOUNDATION HOSPITAL, RIVERSIDE","375 LAGUNA HONDA BLVD",93561,7143787406,"SAN FRANCISCO"
1710,"ANIMAS SURGICAL HOSPITAL, LLC","1400 JACKSON ST",19718,3036894000,DENVER
1714,"ST JOHNS PLEASANT VALLEY HOSPITAL","2315 STOCKTON BOULEVARD",95991,6617254800,SACRAMENTO
1719,"FLORIDA HOSPITAL FLAGLER","1000 36TH ST",33428,4078462266,"INDIAN RIVER"
1720,"JACK HUGHSTON MEMORIAL HOSPITAL","4401 RIVER CHASE DRIVE",35582,3347323000,RUSSELL
1723,"GOLETA VALLEY COTTAGE HOSPITAL","3330 LOMITA BLVD",94546,8056816446,"LOS ANGELES"
1729,"MAGNOLIA HOSPITAL","7301 ROGERS AVE",72834,8708387300,SEBASTIAN
1730,"LAKE CITY MEDICAL CENTER","1300 MICCOSUKEE RD",32456,3052945531,LEON
1732,"SUTTER SOLANO MEDICAL CENTER","999 SAN BERNARDINO ROAD",90028,9516882211,"SAN BERNARDINO"
1734,"SAN GABRIEL VALLEY MEDICAL CENTER","2101 N WATERMAN AVE",94538,5307494300,"SAN BERNARDINO"
1736,"EMANUEL MEDICAL CENTER","12401 WASHINGTON BLVD",92324,9259393000,"LOS ANGELES"
1749,"ALHAMBRA HOSPITAL MEDICAL CENTER","6601 WHITE FEATHER ROAD",93111,9254477000,"SAN BERNARDINO"
1756,"SHERMAN OAKS HOSPITAL","1001 NORTH TUSTIN AVENUE",93023,3239301040,ORANGE
1759,"SHELBY BAPTIST MEDICAL CENTER","1000 FIRST STREET NORTH",35007,2056208100,SHELBY
1761,"EL CAMINO HOSPITAL","18300 HIGHWAY 18",93210,6509407000,"SAN BERNARDINO"
1766,"VENICE REGIONAL MEDICAL CENTER - BAYFRONT HEALTH","1000 WATERMAN WAY",32073,3866766000,LAKE
1770,"CHRISTIANA CARE HEALTH SERVICES, INC.","263 FARMINGTON AVE",32207,8605459000,HARTFORD
1784,"UC SAN DIEGO HEALTH HILLCREST - HILLCREST MED CTR","2400 EAST 4TH ST",94080,6194650711,"SAN DIEGO"
1792,"JACKSON HOSPITAL","39200 HOOKER HWY",33146,8504311155,"PALM BEACH"
1800,"KERN MEDICAL CENTER","2500 GRANT ROAD",95630,6613262000,"SANTA CLARA"
1809,"KAISER FOUNDATION HOSPITAL - WOODLAND HILLS","15615 POMERADO ROAD",92780,4157592300,"SAN DIEGO"
1811,"GREENWICH HOSPITAL ASSOCIATION","267 GRANT STREET",32578,2036948200,FAIRFIELD
1814,"DALLAS COUNTY MEDICAL CENTER","611 WEST LEE AVENUE",95642,4796752800,MISSISSIPPI
1832,"PROVIDENCE TARZANA MEDICAL CENTER","570 WILLOW ROAD",92866,9096258300,"SAN MATEO"
1840,"PALMETTO GENERAL HOSPITAL","900 N ROBERT AVE",32424,7273841414,"DE SOTO"
1846,"SIMI VALLEY HOSPITAL & HEALTH CARE SERVICES","250 PROSPECT PLACE",94040,6264454441,"SAN DIEGO"
1850,"ORTHOCOLORADO HOSPITAL AT ST ANTHONY MED CAMPUS","9395 CROWN CREST BLVD",19973,9706242500,DOUGLAS
1851,"LODI MEMORIAL HOSPITAL","800 SOUTH MAIN STREET",95340,2093343411,RIVERSIDE
1852,"UF HEALTH JACKSONVILLE","3800 RESERVOIR RD",33831,2028777000,"DISTRICT OF COLUMBIA"
1863,"TORRANCE MEMORIAL MEDICAL CENTER","207 WEST LEGION ROAD",90017,3103259110,IMPERIAL
1864,"MERCY MEDICAL CENTER MT SHASTA","6412 LAUREL AVE",80023,7079946486,KERN
1865,"BANNER DESERT MEDICAL CENTER","1400 SOUTH  DOBSON ROAD",86503,9283484000,MARICOPA
1868,"GREATER EL MONTE COMMUNITY HOSPITAL","1421 OAKDALE ROAD",92363,6265709000,STANISLAUS
1869,"WASHINGTON COUNTY HOSPITAL","14600 ST. STEPHENS AVENUE",36604,2563569532,WASHINGTON
1873,"ST ROSE HOSPITAL","1 CHILDREN'S WAY, SLOT 301",92243,7074458121,PULASKI
1874,"TAHOE FOREST HOSPITAL","1401 BAILEY AVE",80528,5302582121,"SAN BERNARDINO"
1876,"ADVENTIST MEDICAL CENTER - REEDLEY","300 CANAL STREET",93257,8317244741,MONTEREY
1885,"FLORIDA HOSPITAL TAMPA","6200 SW 73RD ST",32068,9413421100,MIAMI-DADE
1886,"SWEDISH MEDICAL CENTER","4747 ARAPAHOE AVENUE",6450,3033202121,BOULDER
1887,"SUTTER DAVIS HOSPITAL","15248 11TH ST",94116,2098260591,"SAN BERNARDINO"
1888,"SOUTHWEST HEALTHCARE SYSTEM","9400 NO NAME UNO",90704,3234428656,"SANTA CLARA"
1894,"CALLAHAN EYE HOSPITAL","1720 UNIVERSITY BLVD",35233,2053258100,JEFFERSON
1897,"MONROE COUNTY HOSPITAL","2016 SOUTH ALABAMA AVENUE, BOX 886",35565,2515753111,MONROE
1899,"WEDOWEE HOSPITAL","209 NORTH MAIN STREET",36278,2563572111,RANDOLPH
1906,"VENTURA COUNTY MEDICAL CENTER","2105 FOREST AVENUE",93065,2094686000,"SANTA CLARA"
1916,"ASPEN VALLEY HOSPITAL","822 W 4TH STREET",34761,7193364343,LAKE
1920,"MEDICAL WEST, AN AFFILIATE OF UAB HEALTH SYSTEM","995 9TH AVENUE SOUTHWEST",36701,2054817000,JEFFERSON
1929,"COMMUNITY HOSPITAL OF SAN BERNARDINO","1600 N ROSE AVE",91406,7079355000,VENTURA
1930,"FLORIDA HOSPITAL HEARTLAND MEDICAL CENTER","110 LONGWOOD AVE",34613,7725674311,BREVARD
1933,"EAST ALABAMA MEDICAL CENTER","2000 PEPPERELL PARKWAY",36801,3347493411,LEE
1936,"COOSA VALLEY MEDICAL CENTER","315 W HICKORY ST",36518,2562495000,TALLADEGA
1937,"ST HELENA HOSPITAL-CLEARLAKE","240 SPRUCE STREET",80012,5306235541,BUTTE
1938,"MAMMOTH HOSPITAL","501 PETALUMA AVENUE",80220,6618223241,SONOMA
1939,"SEDGWICK COUNTY MEMORIAL HOSPITAL","1001 E JOHNSON STREET",32806,9703324811,PHILLIPS
1940,"CRENSHAW COMMUNITY HOSPITAL","101 HOSPITAL CIRCLE",36049,3343353374,CRENSHAW
1941,"SETON MEDICAL CENTER","100 S RAYMOND AVE",94904,3108295511,"LOS ANGELES"
1942,"MENDOCINO COAST DISTRICT HOSPITAL","914 PINE STREET",80026,7608735811,SISKIYOU
1948,"COPPER QUEEN COMMUNITY HOSPITAL","1501 NORTH WILLIAMSON AVENUE",72601,5202853000,NAVAJO
1957,"CENTURA HEALTH-ST THOMAS MORE HOSPITAL","777 BANNOCK ST",6260,7203210000,DENVER
1963,"ST VINCENT'S EAST","50 MEDICAL PARK EAST DRIVE",35235,2058383122,JEFFERSON
1966,"SONOMA DEVELOPMENTAL CENTER","47111 MONROE STREET",95020,9496422734,RIVERSIDE
1968,"UNITED MEDICAL CENTER","1600 ROCKLAND RD PO BOX 269",32610,2025374680,"NEW CASTLE"
1970,"BANNER BOSWELL MEDICAL CENTER","10401 WEST THUNDERBIRD BOULEVARD",85542,9285376399,MARICOPA
1972,"ROSE MEDICAL CENTER","12605 EAST 16TH AVENUE",6706,7197765000,ADAMS
1978,"DREW MEMORIAL HOSPITAL","638 CALIFORNIA AVENUE",71801,4794414000,OUACHITA
1981,"STERLING REGIONAL MEDCENTER","2351 G RD",6010,9709456535,MESA
1985,"MEMORIAL REGIONAL HOSPITAL","951 N WASHINGTON AVE",33317,3056742121,BREVARD
1988,"RIVERSIDE COMMUNITY HOSPITAL","531 W COLLEGE ST",95361,6194704321,"LOS ANGELES"
1993,"KAISER FOUNDATION HOSPITAL - WALNUT CREEK","1200 EL CAMINO REAL",94403,7076511000,"SAN MATEO"
2005,"NORTH COLORADO MEDICAL CENTER","27700 MEDICAL CENTER RD, 5TH FLOOR",80459,9164532000,ORANGE
2010,"BANNER ESTRELLA MEDICAL CENTER","1551 EAST TANGERINE ROAD",85390,9287887252,PIMA
2015,"KAISER FOUNDATION HOSPITAL - PANORAMA CITY","6245 DE LONGPRE AVE",94501,3237834011,"LOS ANGELES"
2016,"BANNER BAYWOOD MEDICAL CENTER","9003 EAST SHEA BOULEVARD",85713,4806845898,MARICOPA
2021,"WATERBURY HOSPITAL","95 SOUTH PAGOSA BOULEVARD",32720,8603644228,ARCHULETA
2026,"CALIFORNIA HOSPITAL MEDICAL CENTER LA","9961 SIERRA AVE",92843,5302746000,"SAN BERNARDINO"
2027,"LEE MEMORIAL HOSPITAL","655 W 8TH ST",33606,7865961960,DUVAL
2030,"GEORGE WASHINGTON UNIV HOSPITAL","640 S STATE STREET",32348,3026514000,KENT
2031,"ST LUKE'S MEDICAL CENTER","1800 EAST VAN BUREN STREET",86403,4808824004,MARICOPA
2035,"CENTURA HEALTH-PENROSE ST FRANCIS HEALTH SERVICES","2635 N 7TH STREET",6066,9706694640,MESA
2041,"ABRAZO WEST CAMPUS","6501 NORTH 19TH AVENUE",85140,5208742000,MARICOPA
2043,"OJAI VALLEY COMMUNITY HOSPITAL","5176 HILL ROAD EAST",80734,7604463551,LAKE
2047,"DANBURY HOSPITAL","80 SEYMOUR STREET",33308,2037327500,HARTFORD
2049,"SHARON HOSPITAL","1311 N MILDRED RD",34995,8609286541,MONTEZUMA
2054,"HALE COUNTY HOSPITAL","508 GREEN STREET",36092,3346243024,HALE
2055,"FOOTHILL PRESBYTERIAN HOSPITAL","3700 E SOUTH ST",94025,7149932000,"LOS ANGELES"
2062,"FRESNO SURGICAL HOSPITAL","401 BICENTENNIAL WAY",95542,9516966000,SONOMA
2070,"COLLEGE MEDICAL CENTER","28062 BAXTER ROAD",80218,5103576500,RIVERSIDE
2071,"KAISER FOUNDATION HOSPITAL - SAN LEANDRO","13100 STUDERBAKER ROAD",80228,9513312200,"LOS ANGELES"
2073,"SHOALS HOSPITAL","201 WEST AVALON AVENUE",36867,2563861601,COLBERT
2076,"CHEROKEE MEDICAL CENTER","400 NORTHWOOD DR",35960,2569275531,CHEROKEE
2080,"STAMFORD HOSPITAL","13123 EAST 16TH AVENUE",33541,2035736000,ADAMS
2081,"MODOC MEDICAL CENTER","700 RIVER DR",81132,7072625000,MENDOCINO
2086,"VERDE VALLEY MEDICAL CENTER","269 SOUTH CANDY LANE",86001,5208723000,YAVAPAI
2088,"CANYON VISTA MEDICAL CENTER","5700 EAST HIGHWAY 90",86045,9287572101,COCHISE
2098,"MOUNTAINS COMMUNITY HOSPITAL","100 FALLS CANYON ROAD",81416,7074563031,"LOS ANGELES"
2100,"LAC/HARBOR-UCLA MED CENTER","250 BON AIR ROAD, PO BOX 8010",92024,3102222101,MARIN
2104,"PHOENIX CHILDREN'S HOSPITAL","2303 EAST THOMAS",72653,6022434231,MARICOPA
2111,"DOCTOR'S MEMORIAL HOSPITAL INC","800 PRUDENTIAL DR",33573,8636761433,DUVAL
2113,"L V STABLER MEMORIAL HOSPITAL","29 L V STABLER DRIVE",35150,3343822200,BUTLER
2116,"CALIFORNIA PACIFIC MEDICAL CTR - ST. LUKE'S CAMPUS","600 NORTH HIGHLAND SPRINGS AVENUE",91786,5596242000,RIVERSIDE
2119,"GLENDORA COMMUNITY HOSPITAL","170 ALAMEDA DE LAS PULGAS",92252,5105223700,"SAN MATEO"
2121,"DOMINICAN HOSPITAL","300 W HUNTINGTON DR",93306,7603236511,"LOS ANGELES"
2126,"EASTERN PLUMAS HOSPITAL - PORTOLA CAMPUS","11234 ANDERSON STREET SUITE A",80304,7078238511,"SAN BERNARDINO"
2127,"ST PETERSBURG GENERAL HOSPITAL","401 NW 42ND AVE",32060,5616221411,BROWARD
2129,"GRANDVIEW MEDICAL CENTER","3690 GRANDVIEW PARKWAY",36067,2055921000,JEFFERSON
2132,"WASHINGTON HOSPITAL","372 W CYPRESS AVE",92373,6503675551,FRESNO
2142,"SOUTH LAKE HOSPITAL","701 W PLYMOUTH AVE",34655,8633856101,VOLUSIA
2144,"FAIRCHILD MEDICAL CENTER","1 MARCELA DR",81657,7603792681,MENDOCINO
2154,"CENTRAL FLORIDA REGIONAL HOSPITAL","1250 S 18TH ST",32940,7866624000,NASSAU
2155,"JOHNSON REGIONAL MEDICAL CENTER","603 NORTH PROGRESS AVENUE",72450,4794635113,BENTON
2158,"CITIZENS BAPTIST MEDICAL CENTER","604 STONE AVENUE",36726,2567614542,TALLADEGA
2159,"CORAL GABLES HOSPITAL","3100 E FLETCHER AVE",32054,9043996111,HILLSBOROUGH
2161,"SOUTH MISSISSISSPI COUNTY REGIONAL MEDICAL CENTER","1641 WHITEHEAD DRIVE",94574,8703526300,ARKANSAS
2173,"KANAKANAK HOSPITAL","P O BOX 130",85745,9074423321,DILLINGHAM
2189,"BAYHEALTH - MILFORD MEMORIAL HOSPITAL","4755 OGLETOWN-STANTON ROAD",32055,3026453300,"NEW CASTLE"
2191,"MONTEREY PARK HOSPITAL","1011 BALDWIN PARK BLVD",96130,5624940600,"LOS ANGELES"
2195,"UAMS MEDICAL CENTER","311 NORTH MORROW STREET",71754,8704144000,POLK
2200,"ANAHEIM GLOBAL MEDICAL CENTER","525 N GARFIELD AVE",96020,3108238911,"LOS ANGELES"
2204,"MEMORIAL HOSPITAL JACKSONVILLE","5731 BEE RIDGE RD",33873,8634943535,SARASOTA
2208,"ST JOHNS REGIONAL MEDICAL CENTER","4077 5TH AVE",91209,2099432000,"SAN DIEGO"
2211,"BANNER LASSEN MEDICAL CENTER","60 EASTER AVENUE",80206,5309266111,TRINITY
2217,"CENTURA HEALTH-ST MARY CORWIN MEDICAL CENTER","800 S 3RD ST",80863,3036024930,MONTROSE
2221,"KINGMAN REGIONAL MEDICAL CENTER","3269 STOCKTON HILL ROAD",85634,6238324000,MOHAVE
2228,"LEHIGH REGIONAL MEDICAL CENTER","400 HEALTH PARK BLVD",34952,3862928000,"SAINT JOHNS"
2229,"PLUMAS DISTRICT HOSPITAL","1800 SPRING RIDGE DRIVE",80443,7079611234,LASSEN
2230,"MADERA COMMUNITY HOSPITAL","3751 KATELLA AVENUE",91754,2138572201,ORANGE
2242,"SITKA COMMUNITY HOSPITAL","209 MOLLER DRIVE",85006,9074869592,SITKA
2247,"LARKIN COMMUNITY HOSPITAL","800 MEADOWS RD",32440,3217997111,"PALM BEACH"
2251,"BENSON HOSPITAL","520 ROSE LANE",72761,5203843541,MARICOPA
2255,"RANGELY DISTRICT HOSPITAL","300 WEST OTTLEY AVENUE",20010,7197432421,MESA
2256,"OSCEOLA REGIONAL MEDICAL CENTER","1000 W MORENO ST",34695,8505840800,ESCAMBIA
2262,"SUTTER DELTA MEDICAL CENTER","99 MONTECILLO RD",90048,9165375000,MARIN
2265,"SHASTA REGIONAL MEDICAL CENTER","6655 ALVARADO ROAD",80631,8188810800,"SAN DIEGO"
2272,"HI-DESERT MEDICAL CENTER","2500 ALHAMBRA AVENUE",96150,5302256102,"CONTRA COSTA"
2273,"FORREST CITY MEDICAL CENTER","EAST MAIN AND SOUTH 20TH STREET",72160,8709724100,CRAWFORD
2276,"FLORIDA HOSPITAL ZEPHYRHILLS","3501 JOHNSON ST",32216,7722875200,BROWARD
2277,"DECATUR MORGAN HOSPITAL-DECATUR CAMPUS","1201 7TH STREET SE",35594,2563412000,MORGAN
2284,"TUCSON MEDICAL CENTER","5301 EAST GRANT ROAD",85008,9286396058,PIMA
2286,"GRIFFIN HOSPITAL","326 WASHINGTON ST",32763,8605853000,"NEW LONDON"
2287,"HUNTINGTON BEACH HOSPITAL","39400 PASEO PADRE PKWY",93465,7602458691,ALAMEDA
2300,"TALLAHASSEE MEMORIAL HOSPITAL","1501 PASADENA AVE S",32159,3056827000,PINELLAS
2311,"BARTOW REGIONAL MEDICAL CENTER","333 N BYRON BUTLER PKWY",33470,3522658000,TAYLOR
2319,"CHI ST VINCENT MORRILTON","1015 UNITY ROAD",95521,8703824303,ASHLEY
2322,"ARKANSAS METHODIST MEDICAL CENTER","3333 SPRINGHILL DRIVE",72503,4799682841,PULASKI
2323,"NATIVIDAD MEDICAL CENTER","1150 NORTH INDIAN CANYON DRIVE",92354,5306221441,RIVERSIDE
2333,"ORO VALLEY HOSPITAL","200 WEST HOSPITAL DRIVE  (PO BOX 860)",85614,6233274000,NAVAJO
2335,"COMMUNITY MEDICAL CENTER IZARD COUNTY","1341 WEST SIXTH STREET",72616,8702383300,SCOTT
2342,"STONE COUNTY MEDICAL CENTER","1309 WEST MAIN",94545,8708454400,LAWRENCE
2344,"SAINT AGNES MEDICAL CENTER","347 ANDRIEUX ST",92404,6263388481,SONOMA
2349,"CHAPMAN GLOBAL MEDICAL CENTER","1701 SANTA ANITA AVE",96161,3106575900,"LOS ANGELES"
2357,"FOOTHILL REGIONAL MEDICAL CENTER","31700 TEMECULA PKWY",80909,9095588000,RIVERSIDE
2366,"CORE INSTITUTE SPECIALTY HOSPITAL, THE","4620 EAST BASELINE ROAD",85255,6238821515,MARICOPA
2367,"NORTH LOGAN MERCY HOSPITAL","1555 EXCHANGE AVENUE",71635,4792294677,FAULKNER
2371,"PIONEERS MEMORIAL HEALTHCARE DISTRICT","450 EAST ROMIE LANE",94143,7603513333,MONTEREY
2374,"RIDEOUT MEMORIAL HOSPITAL","180 ROWLAND WAY",94062,3234622271,MARIN
2381,"GLENN MEDICAL CENTER","115 WEST E STREET",80810,2099663631,KERN
2384,"KENDALL REGIONAL MEDICAL CENTER","7031 SW 62ND AVE",32091,7278481733,MIAMI-DADE
2389,"MERCY HOSPITAL TURNER MEMORIAL","200 NORTH THIRD STREET",71639,4792537400,YELL
2391,"ADVENTIST MEDICAL CENTER","18300 ROSCOE BLVD",92835,2099445550,"LOS ANGELES"
2397,"HOLLYWOOD PRESBYTERIAN MEDICAL CENTER","2823 FRESNO STREET",93454,7146339111,FRESNO
2406,"BAPTIST HOSPITAL","4413 US HWY 331 S",33458,9042022000,WALTON
2413,"ARKANSAS HEART HOSPITAL, LLC","300 PROSPECT AVE",71742,5015527100,GARLAND
2416,"CONTRA COSTA REGIONAL MEDICAL CENTER","757 WESTWOOD PLAZA",90640,8183658051,"LOS ANGELES"
2417,"TEMECULA VALLEY HOSPITAL","16250 SAND CANYON AVENUE",81301,9167844000,ORANGE
2418,"HAVASU REGIONAL MEDICAL CENTER","101 CIVIC CENTER LANE",85260,9287298000,MOHAVE
2421,"LITTLE RIVER MEMORIAL HOSPITAL","1306 WEST COLLIN RAYE DRIVE",92501,8702452622,SEVIER
2422,"HIGHLANDS MEDICAL CENTER","380 WOODS COVE ROAD",36340,2562594444,JACKSON
2426,"SOUTHERN CALIFORNIA HOSPITAL AT HOLLYWOOD","438 W LAS TUNAS DRIVE",93552,7077781111,"LOS ANGELES"
2431,"SONOMA VALLEY HOSPITAL","1800 N CALIFORNIA ST",95695,3235831931,"SAN JOAQUIN"
2434,"UCSF MEDICAL CENTER","3033 W ORANGE AVENUE",90034,2095645000,ORANGE
2435,"PRINCETON BAPTIST MEDICAL CENTER","701 PRINCETON AVENUE SOUTHWEST",35243,2057833800,JEFFERSON
2436,"BAXTER REGIONAL MEDICAL CENTER","300 WERNER STREET",72015,5013293831,GARLAND
2439,"PLACENTIA LINDA HOSPITAL","21530 S PIONEER BLVD",92704,9096276111,"LOS ANGELES"
2447,"NANTICOKE MEMORIAL HOSPITAL","1 ABRAHMS BOULEVARD",32501,3027447001,HARTFORD
2448,"SEQUOIA HOSPITAL","75 NIELSON STREET",94553,6613825000,"SANTA CRUZ"
2450,"KAISER FOUNDATION HOSPITAL - OAKLAND/RICHMOND","1425 S MAIN STREET",91325,4158332646,"CONTRA COSTA"
2452,"MIDDLE PARK MEDICAL CENTER","286 16TH STREET",32901,9706251510,"KIT CARSON"
2454,"MILLER CHILDREN'S HOSPITAL","3020 CHILDRENS WAY",80759,7142892400,"SAN DIEGO"
2456,"MARTIN LUTHER KING, JR. COMMUNITY HOSPITAL","13855 E 14TH STREET",81003,5104541000,ALAMEDA
2459,"REDLANDS COMMUNITY HOSPITAL","465 W PUTNAM AVE",92227,9253705000,TULARE
2467,"MARIAN REGIONAL MEDICAL CENTER","1720 E CESAR AVENUE",92335,9167338999,"LOS ANGELES"
2468,"SILOAM SPRINGS REGIONAL HOSPITAL","610 WEST JEROME AVENUE",72117,4797545454,MARICOPA
2474,"MERCY HOSPITAL BERRYVILLE","2729 SOUTH HIGHWAY 65 & 82",95926,8705983881,CHICOT
2481,"NORTH ARKANSAS REGIONAL MEDICAL CENTER","4301 WEST MARKHAM STREET MAIL SLOT 612",72315,4794743401,PULASKI
2485,"RIVER VALLEY MEDICAL CENTER","500 EAST ACADEMY",72110,4796674138,LOGAN
2491,"MANCHESTER MEMORIAL HOSPITAL","28 CRESCENT ST",33614,8605455000,MIDDLESEX
2497,"SAN FRANCISCO GENERAL HOSPITAL","5974 PENTZ ROAD",92555,7145375160,BUTTE
2499,"HENRY MAYO NEWHALL  HOSPITAL","24451 HEALTH CENTER DRIVE",95688,7142794000,ORANGE
2507,"CHAMBERS MEMORIAL HOSPITAL","2710 SOUTH RIFE MEDICAL LANE",71655,5012783100,BENTON
2510,"SAINT JOSEPH HOSPITAL","400 W 16TH STREET",6610,3034402273,PUEBLO
2511,"SALINE MEMORIAL HOSPITAL","1910 MALVERN AVENUE",72476,8703385800,GARLAND
2516,"LOWER KEYS MEDICAL CENTER","20900 BISCAYNE BLVD",32324,8634224971,MIAMI-DADE
2522,"SUTTER LAKESIDE HOSPITAL","150 PIONEER LANE",81036,5305876011,INYO
2528,"JAY HOSPITAL","1 SHIRCLIFF WAY",33134,8137880411,DUVAL
2532,"WHITTIER HOSPITAL MEDICAL CENTER","7601 EAST IMPERIAL HIGHWAY",96067,2095722700,"LOS ANGELES"
2533,"CALIFORNIA PACIFIC MEDICAL CTR-DAVIES CAMPUS HOSP","1501 TROUSDALE DRIVE",94110,7072524411,"SAN MATEO"
2539,"KAISER FOUNDATION HOSPITAL FONTANA","4867 SUNSET BLVD",95969,8316245311,"LOS ANGELES"
2555,"RED BAY HOSPITAL","211 HOSPITAL ROAD",99508,2054599100,FRANKLIN
2556,"FLORIDA HOSPITAL WATERMAN","1475 W 49TH ST",34478,8506784131,MIAMI-DADE
2575,"BARTON MEMORIAL HOSPITAL","101 CITY DRIVE SOUTH",91307,5305413420,ORANGE
2576,"MARTIN MEDICAL CENTER","4300 ALTON RD",33410,9043087300,MIAMI-DADE
2580,"UNIVERSITY OF SOUTH ALABAMA MEDICAL CENTER","2451 FILLINGIM STREET",35502,2514717110,MOBILE
2584,"BAPTIST HEALTH MEDICAL CENTER-CONWAY","2001 SOUTH MAIN",72576,4799636101,HEMPSTEAD
2586,"CHINESE HOSPITAL","11500 BROOKSHIRE AVENUE",93635,5599356400,"LOS ANGELES"
2593,"METHODIST HOSPITAL OF SOUTHERN CA","501 SOUTH BUENA VISTA",95661,8184098202,"LOS ANGELES"
2608,"WHITE MOUNTAIN REGIONAL MEDICAL CENTER","5880 SOUTH HOSPITAL DRIVE",72401,9286699201,GILA
2615,"KAISER FOUNDATION HOSPITAL MANTECA","5900 WEST OLYMPIC BOULEVARD",93463,7149533331,"LOS ANGELES"
2618,"HOAG MEMORIAL HOSPITAL PRESBYTERIAN","2070 CLINTON AVENUE",94588,5308779361,ALAMEDA
2620,"EISENHOWER MEDICAL CENTER","1700 COFFEE RD",90301,5596755555,STANISLAUS
2621,"CENTURA HEALTH-AVISTA ADVENTIST HOSPITAL","1501 E 3RD STREET",6856,3036952600,DELTA
2623,"ASHLEY COUNTY MEDICAL CENTER","679 NORTH MAIN STREET",91942,5019772300,FULTON
2630,"BOCA RATON REGIONAL HOSPITAL","4500 SAN PABLO RD",34758,4073214500,DUVAL
2636,"UNIVERSITY OF CALIFORNIA DAVIS MEDICAL CENTER","5451 WALNUT AVE",91403,9164236010,"SAN BERNARDINO"
2642,"PEACEHEALTH KETCHIKAN MEDICAL CENTER","3100 TONGASS AVENUE",86301,9079662411,"KETCHIKAN GATEWAY"
2656,"HEART OF THE ROCKIES REGIONAL MEDICAL CENTER","501 AIRPORT ROAD",32796,7198469213,GARFIELD
2660,"MENLO PARK SURGICAL HOSPITAL","2601 E CHAPMAN AVE",93555,2098253700,ORANGE
2668,"SPRINGHILL MEMORIAL HOSPITAL","3719 DAUPHIN STREET",36117,2513449630,MOBILE
2670,"SANTA ROSA MEMORIAL HOSPITAL","101 E VALENCIA MESA DRIVE",92262,2096674200,ORANGE
2685,"NAPLES COMMUNITY HOSPITAL","601 E ROLLINS ST",33563,3864245000,ORANGE
2688,"BETHESDA HOSPITAL EAST","5255 LOUGHBORO RD NW",32539,2024765000,"DISTRICT OF COLUMBIA"
2689,"WATSONVILLE COMMUNITY HOSPITAL","1050 LINDEN AVE",90095,5107971111,"LOS ANGELES"
2692,"NORTH SHORE MEDICAL CENTER","1350 S HICKORY ST",32224,8507691511,BREVARD
2699,"MARICOPA MEDICAL CENTER","2601 EAST ROOSEVELT STREET",86409,9287793366,MARICOPA
2704,"JOHN C. LINCOLN MEDICAL CENTER","250 EAST DUNLAP AVENUE",85251,5203816300,MARICOPA
2706,"DE QUEEN MEDICAL CENTER, INC","880 WEST MAIN",90012,8708985011,LOGAN
2713,"HUNTINGTON MEMORIAL HOSPITAL","250 NORTH FIRST STREET",90720,7148273000,RIVERSIDE
2718,"TRI-CITY MEDICAL CENTER","15107 VANOWEN ST",90813,9098838711,"LOS ANGELES"
2724,"MISSION COMMUNITY HOSPITAL","6001 NORRIS CANYON ROAD",96104,5302258700,"CONTRA COSTA"
2731,"LAGUNA HONDA HOSPITAL & REHABILITATION CENTER","8700 BEVERLY BLVD",94577,3232685514,"LOS ANGELES"
2741,"LAC/RANCHO LOS AMIGOS NATIONAL REHABILITATION  CTR","14850 ROSCOE BLVD",93240,5594484500,"LOS ANGELES"
2764,"GOOD SAMARITAN MEDICAL CENTER","14300 ORCHARD PARKWAY",6106,3032694000,BROOMFIELD
2792,"LOS ANGELES COMMUNITY HOSPITAL","23845  MCBEAN PKWY",92592,8584856511,"LOS ANGELES"
2801,"PARKVIEW MEDICAL CENTER INC","1008 MINNEQUA AVE",6069,7192852000,PUEBLO
2802,"CHILDREN'S HOSPITAL AT MISSION","747 52ND STREET",80807,6504978000,ALAMEDA
2806,"ST VINCENT MEDICAL CENTER/NORTH","1701 S SHACKLEFORD ROAD",72927,5017488000,PULASKI
2807,"EDEN MEDICAL CENTER","1441 FLORIDA AVENUE",90712,8186764100,STANISLAUS
2809,"ST ANTHONYS HOSPITAL","651 E 25TH ST",33912,3523517200,MIAMI-DADE
2812,"SUTTER MATERNITY & SURGERY CENTER OF SANTA CRUZ","25500 MEDICAL CENTER DRIVE",92352,7602418000,RIVERSIDE
2815,"HARTFORD HOSPITAL","300 SEASIDE AVENUE",32117,8608898331,"NEW HAVEN"
2816,"VALLEY VIEW HOSPITAL ASSOCIATION","1024 CENTRAL PARK DR",6606,9708747681,ROUTT
2819,"WUESTHOFF MEDICAL CENTER-ROCKLEDGE","5301 S CONGRESS AVE",34972,9419179000,"PALM BEACH"
2821,"ST ELIZABETH COMMUNITY HOSPITAL","14445 OLIVE VIEW DRIVE",92411,5106554000,"LOS ANGELES"
2828,"SAN CARLOS APACHE HEALTHCARE","103 MEDICINE WAY ROAD",85375,6022631200,GILA
2829,"LAKESIDE MEDICAL CENTER","2200 OSPREY BLVD",34119,7273811000,POLK
2832,"PORTERVILLE DEVELOPMENTAL CENTER","520 WEST I ST",92505,6502992000,MERCED
2838,"ST HELENA HOSPITAL","1000 TRANCAS ST",93291,2092237500,NAPA
2839,"MERCY MEDICAL CENTER","2025 MORSE AVENUE",95355,6507235708,SACRAMENTO
2840,"KEEFE MEMORIAL HOSPITAL","2000 BOISE AVE",6460,7193836000,LARIMER
2847,"LAKELAND REGIONAL MEDICAL CENTER","40100 US HWY 27 N",33196,9049532000,POLK
2854,"D C H REGIONAL MEDICAL CENTER","809 UNIVERSITY BOULEVARD EAST",36744,2057597111,TUSCALOOSA
2855,"SOUTH BALDWIN REGIONAL MEDICAL CENTER","1613 NORTH MCKENZIE STREET",35601,2519493400,BALDWIN
2857,"SUTTER ROSEVILLE MEDICAL CENTER","275 HOSPITAL DRIVE",94133,9167811000,MENDOCINO
2859,"MILLS-PENINSULA MEDICAL CENTER","2700 DOLBEER ST",92220,4156006000,HUMBOLDT
2867,"CENTURA HEALTH-PORTER ADVENTIST HOSPITAL","1100 CARSON AVENUE",6360,9702566201,OTERO
2870,"MIDDLESEX HOSPITAL","31 UNION ST",32778,2038764000,TOLLAND
2881,"SUTTER SANTA ROSA REGIONAL HOSPITAL","1900 SULLIVAN AVENUE",90502,9514864000,"SAN MATEO"
2882,"ANDALUSIA REGIONAL HOSPITAL","849 SOUTH THREE NOTCH STREET",36201,3342228466,COVINGTON
2885,"ENCINO HOSPITAL MEDICAL CENTER","900 HYDE ST",91505,8056526075,"SAN FRANCISCO"
2888,"GEORGIANA MEDICAL CENTER","515 N MIRANDA AVENUE",36330,3343762205,BUTLER
2895,"SAINT FRANCIS MEMORIAL HOSPITAL","1401 SOUTH GRAND AVENUE",93401,4089472500,"LOS ANGELES"
2903,"HALIFAX HEALTH MEDICAL CENTER","52 W UNDERWOOD ST",33180,2393321111,ORANGE
2912,"ABRAZO CENTRAL CAMPUS","2000 WEST BETHANY HOME ROAD",85724,9284743222,MARICOPA
2913,"LOS ALAMITOS MEDICAL CENTER","301 VICTORIA STREET",92395,7149575000,ORANGE
2921,"ABRAZO MARYVALE CAMPUS","5102 WEST CAMPBELL AVENUE",85020,6022392000,MARICOPA
2922,"CEDARS-SINAI MEDICAL CENTER","250 HOSPITAL PARKWAY",92618,8053895800,"SANTA CLARA"
2930,"GARDENS REGIONAL HOSPITAL AND MEDICAL CENTER","6041 CADILLAC AVE",90291,7149667200,"LOS ANGELES"
2931,"PALMS OF PASADENA HOSPITAL","1600 SW ARCHER RD",33028,8506898100,ALACHUA
2936,"PARKVIEW COMMUNITY HOSPITAL MEDICAL CENTER","7901 FROST ST",94954,3232685000,"SAN DIEGO"
2937,"JOHN F KENNEDY MEMORIAL HOSPITAL","6501 COYLE AVE",90023,7148435000,SACRAMENTO
2938,"TWIN CITIES COMMUNITY HOSPITAL","1401 GARCES HIGHWAY",92563,6612538000,KERN
2942,"UNIVERSITY OF ALABAMA HOSPITAL","619 SOUTH 19TH STREET",36078,2059344011,JEFFERSON
2943,"ROCKVILLE GENERAL HOSPITAL","ONE HOSPITAL PLAZA",34711,8604966666,FAIRFIELD
2951,"TUBA CITY REGIONAL HEALTH CARE CORPORATION","PO BOX 600",85306,5203627003,COCONINO
2952,"BAPTIST HEALTH MEDICAL CENTER NORTH LITTLE ROCK","2302 COLLEGE AVENUE",71731,8702397000,FAULKNER
2953,"ALASKA REGIONAL HOSPITAL","2801 DEBARR ROAD",99752,9075436300,ANCHORAGE
2961,"NORTH ALABAMA SPECIALITY HOSPITAL","700 WEST MARKET STREET, 2ND FLOOR",35121,2518472223,LIMESTONE
2976,"PROVIDENCE SAINT JOHN'S HEALTH CENTER","5555 WEST LAS POSITAS BOULEVARD",94533,7075764000,ALAMEDA
2977,"MERCY GILBERT MEDICAL CENTER","5330 SOUTH HIGHWAY 95",85643,4808403715,MOHAVE
2979,"ST JOSEPH'S MEDICAL CENTER OF STOCKTON","1300 W 7TH ST",95116,9098876333,"LOS ANGELES"
2990,"PROVIDENCE KODIAK ISLAND MEDICAL CTR","1915 EAST REZANOF DRIVE",85712,9074433311,"KODIAK ISLAND"
2996,"GUNNISON VALLEY HOSPITAL","1000 WEST 8TH AVENUE",32504,7194860230,YUMA
2999,"DIGNITY HEALTH - ARIZONA GENERAL HOSPITAL","2050 WEST SOUTHERN AVENUE",85501,5203934710,PINAL
3002,"PICKENS COUNTY MEDICAL CENTER","241 ROBERT K WILSON DRIVE",36089,2053678111,PICKENS
3004,"COLORADO PLAINS MEDICAL CENTER","2222 N NEVADA AVE",6457,7197675661,"EL PASO"
3010,"OZARK HEALTH","1800 BYPASS ROAD",94117,8709463571,CLEBURNE
3014,"SOUTHERN INYO HOSPITAL","14662 NEWPORT AVE",80907,5308324277,ORANGE
3018,"BEAR VALLEY COMMUNITY HOSPITAL","228 W MCDOWELL AVE",80821,8056402280,MODOC
3021,"KAISER FOUNDATION HOSPITAL - SOUTH BAY","147 N BRENT ST",92201,4159822400,VENTURA
3025,"BAPTIST HEALTH MEDICAL CENTER-HOT SPRINGS COUNTY","1400 BRADEN STREET",72396,5013211000,PULASKI
3030,"LAC/OLIVE VIEW-UCLA MEDICAL CENTER","1531 ESPLANADE",95204,5305298012,BUTTE
3031,"GROVE HILL MEMORIAL HOSPITAL","295 JACKSON HWY S",35401,2512753191,CLARKE
3032,"SCRIPPS MEMORIAL HOSPITAL - ENCINITAS","20103 LAKE CHABOT ROAD",95817,5308884500,ALAMEDA
3033,"HEALTH CENTRAL","1611 NW 12TH AVE",33143,3212686111,MIAMI-DADE
3034,"MARINA DEL REY HOSPITAL","9080 COLIMA RD",95437,6263507975,"LOS ANGELES"
3039,"MAD RIVER COMMUNITY HOSPITAL","5555 GROSSMONT CENTER DRIVE BOX 58",94596,5305338500,"SAN DIEGO"
3041,"PARKER INDIAN HEALTH CENTER","HIGHWAY 264, MILEPOST 388",72758,5205623321,NAVAJO
3043,"CHINLE COMPREHENSIVE HEALTH CARE FACILITY","US HWY 191, HOSPITAL ROAD",85054,5204698100,APACHE
3046,"KAISER FOUNDATION HOSPITAL - LOS ANGELES","400 N MCDOWELL BLVD",91911,5624616007,SONOMA
3050,"BAYHEALTH - KENT GENERAL HOSPITAL","22 MASONIC AVE",32955,3024214100,"NEW HAVEN"
3051,"COBRE VALLEY REGIONAL MEDICAL CENTER","1171 WEST TARGET RANGE ROAD",72335,9283334368,"SANTA CRUZ"
3055,"DESERT REGIONAL MEDICAL CENTER","1509 E WILSON TERRACE",94602,9095801000,"LOS ANGELES"
3069,"KAISER FOUNDATION HOSPITAL-SAN JOSE","1301 N ROSE DRIVE",94531,9167342011,ORANGE
3073,"LOMA LINDA UNIVERSITY MEDICAL CENTER","1700 MOUNT VERNON AVENUE",95825,9095584000,KERN
3074,"THOMAS HOSPITAL","750 MORPHY AVENUE",35161,2519282375,BALDWIN
3076,"WIREGRASS MEDICAL CENTER","1200 W MAPLE AVENUE",35010,3346843655,GENEVA
3080,"WRAY COMMUNITY DISTRICT HOSPITAL","235 W FLETCHER STREET",33435,7192745121,PHILLIPS
3088,"SONOMA WEST MEDICAL CENTER","2776 PACIFIC AVENUE",81502,4248356808,"LOS ANGELES"
3091,"KAISER FOUNDATION HOSPITAL AND REHAB CENTER","700 LAWRENCE EXPRESSWAY",92025,5107521000,"SANTA CLARA"
3100,"SOUTH COAST GLOBAL MEDICAL CENTER","4650 LINCOLN BLVD",96101,7146330011,"LOS ANGELES"
3101,"GEORGE L MEE MEMORIAL HOSPITAL","825 DELBON AVE",95667,5624919000,STANISLAUS
3107,"DELTA MEMORIAL HOSPITAL","#4 HOSPITAL DRIVE",95966,8702263731,CONWAY
3118,"MEDICAL CENTER ENTERPRISE","400 N EDWARDS STREET",35462,3343470584,COFFEE
3125,"CONWAY REGIONAL MEDICAL CENTER","624 HOSPITAL DRIVE",72342,5012023000,BAXTER
3131,"JEROLD PHELPS COMMUNITY HOSPITAL","5189 HOSPITAL ROAD",81505,3105100700,MARIPOSA
3132,"WEST ANAHEIM MEDICAL CENTER","800 E WASHINGTON BLVD",91360,9169735000,"DEL NORTE"
3137,"MIDSTATE MEDICAL CENTER","201 CHESTNUT HILL ROAD",33013,2035746000,TOLLAND
3148,"MERCY HOSPITAL BOONEVILLE","201 CLIFTON STREET",95819,8705844111,DALLAS
3157,"PALO VERDE HOSPITAL","845 JACKSON ST",92627,7074648880,"SAN FRANCISCO"
3158,"SOUTHEAST ALABAMA MEDICAL CENTER","1108 ROSS CLARK CIRCLE",36301,3347938701,HOUSTON
3165,"MISSION HOSPITAL REGIONAL MED CENTER","215 W JANSS RD",90605,2095264500,VENTURA
3169,"PACIFICA HOSPITAL OF THE VALLEY","1200 B  GALE WILSON BLVD",93405,8187673310,SOLANO
3171,"TWIN CITIES HOSPITAL","14114 ALABAMA ST",33175,8632931121,"SANTA ROSA"
3174,"MEASE DUNEDIN HOSPITAL","701 6TH ST S",34265,9543554400,PINELLAS
3176,"MCGEHEE HOSPITAL","310 SOUTH FALLS BOULEVARD",72736,8708861200,CROSS
3181,"ABRAZO ARROWHEAD CAMPUS","14502 WEST MEEKER BOULEVARD",86426,9287632273,MARICOPA
3182,"DESOTO MEMORIAL HOSPITAL","340 NW COMMERCE DR",32696,9545875010,COLUMBIA
3193,"BAPTIST HEALTH MEDICAL CENTER-LITTLE ROCK","700 WEST GROVE STREET",72543,8709727000,UNION
3194,"MORTON PLANT HOSPITAL","1350 13TH AVE S",33155,8506267762,DUVAL
3195,"RUSSELLVILLE HOSPITAL","15155 HIGHWAY 43",36502,2563321611,FRANKLIN
3196,"FOOTHILLS HOSPITAL","1338 PHAY AVE",6076,7208480000,FREMONT
3198,"JACKSON MEDICAL CENTER","220 HOSPITAL DRIVE",36507,2512469021,CLARKE
3200,"CHILDRENS HOSPITAL COLORADO","0401 CASTLE CREEK ROAD",33316,9707313700,PITKIN
3201,"CHANDLER REGIONAL MEDICAL CENTER","1955 WEST FRYE ROAD",85546,6022518156,MARICOPA
3209,"HIGHLANDS REGIONAL MEDICAL CENTER","601 MAIN ST",33016,9416393131,PINELLAS
3218,"RIDGECREST REGIONAL HOSPITAL","10121 PINE AVE",80731,2097542515,NEVADA
3227,"LA PAZ REGIONAL HOSPITAL","118 SOUTH MOUNTAIN AVENUE",72764,6029547311,APACHE
3239,"VICTOR VALLEY GLOBAL MEDICAL CENTER","1010 MURRAY ST",91355,6195285000,"SAN LUIS OBISPO"
3252,"LOS NINOS HOSPITAL, INC.","1200 WEST MOHAVE ROAD",71903,6029331000,"LA PAZ"
3259,"FLAGSTAFF MEDICAL CENTER","1200 NORTH BEAVER STREET",85351,6024065001,COCONINO
3262,"PROVIDENCE HOLY CROSS MEDICAL CENTER","350 TERRACINA BLVD",90509,7603663711,"SAN BERNARDINO"
3263,"J PAUL JONES HOSPITAL","317 MCWILLIAMS AVENUE",35211,3346824131,WILCOX
3273,"MERCY GENERAL HOSPITAL","200 MISSION BLVD",93721,2136248411,AMADOR
3274,"SELLS HOSPITAL","HIGHWAY 86, AT TOPAWA ROAD",85027,9284751200,PIMA
3280,"MENIFEE VALLEY MEDICAL CENTER","4081 E OLYMPIC BLVD",96122,8187193800,"LOS ANGELES"
3295,"COLORADO CANYONS HOSPITAL AND MEDICAL CENTER","11650 W 2ND PLACE",20060,7196572510,JEFFERSON
3303,"CASTLE ROCK ADVENTIST HOSPITAL","200 EXEMPLA CIRCLE",19958,7203215000,BOULDER
3307,"RIVERSIDE UNIVERSITY HEALTH SYSTEM-MEDICAL CENTER","2121 SANTA MONICA BLVD",91352,6616325000,"LOS ANGELES"
3316,"BRADLEY COUNTY MEDICAL CENTER","811 HIGHWAY 65 SOUTH",93301,8702655351,DESHA
3320,"BRYAN W. WHITFIELD MEMORIAL HOSPITAL","105 HIGHWAY 80 EAST",36652,3342894000,MARENGO
3327,"PETALUMA VALLEY HOSPITAL","726 4TH ST",91740,8183753333,YUBA
3335,"BANNER CASA GRANDE MEDICAL CENTER","1800 EAST FLORENCE BOULEVARD",85635,6023445011,PINAL
3336,"MAYO CLINIC HOSPITAL","2735 SILVER CREEK ROAD",85295,4808545050,MOHAVE
3337,"WALKER BAPTIST MEDICAL CENTER","3400 HIGHWAY 78 EAST",36608,2053874000,WALKER
3343,"ALASKA NATIVE MEDICAL CENTER","4315 DIPLOMACY DR",85031,9077473241,ANCHORAGE
3346,"DOCTORS HOSPITAL OF MANTECA","555 E VALLEY PARKWAY",95231,2094107200,"SAN DIEGO"
3351,"ARKANSAS SURGICAL HOSPITAL","2215 WILDWOOD AVENUE",71832,4795717002,PULASKI
3358,"CITRUS MEMORIAL HOSPITAL","2776 CLEVELAND AVE",33837,3214347000,LEE
3360,"ST. JOSEPH'S HOSPITAL AND MEDICAL CENTER","350 WEST THOMAS ROAD",85901,6022490212,MARICOPA
3364,"DEWITT HOSPITAL & NURSING HOME, INC","2500 HIGHWAY 65 SOUTH",94558,8705637000,"VAN BUREN"
3371,"HOPI HEALTH CARE CENTER","501 NORTH NAVAJO DRIVE",72205,9286692137,COCONINO
3374,"SPARKS MEDICAL CENTER - VAN BUREN","620 NORTH MAIN STREET",71603,8702610000,BOONE
3378,"MASONICARE HEALTH CENTER","24 HOSPITAL AVE",34748,2033157500,FAIRFIELD
3379,"BAKERSFIELD HEART HOSPITAL","16850 BEAR VALLEY RD",96097,5624017022,"SAN BERNARDINO"
3383,"ESTES PARK MEDICAL CENTER","225 EAGLE CREST DR",33176,7195234501,"RIO BLANCO"
3385,"WHITE RIVER MEDICAL CENTER","4800 EAST JOHNSON AVENUE",72042,5016241281,CRAIGHEAD
3394,"MONTCLAIR HOSPITAL MEDICAL CENTER","1777 WEST YOSEMITE AVE",93636,8189817111,"SAN JOAQUIN"
3400,"GILBERT HOSPITAL","3555 SOUTH VAL VISTA DRIVE",86040,4803586100,MARICOPA
3405,"WILLIAM W BACKUS HOSPITAL","5 PERRYRIDGE RD",33705,2036884242,FAIRFIELD
3408,"HIGHLAND HOSPITAL","ONE MEDICAL PLAZA",95531,5104374800,PLACER
3412,"NORTHWEST MEDICAL CENTER-SPRINGDALE","225 E JACKSON",72104,5016221000,CRAIGHEAD
3415,"YALE-NEW HAVEN HOSPITAL","435 LEWIS AVENUE",34652,8604569116,"NEW HAVEN"
3421,"ST FRANCIS HOSPITAL & MEDICAL CENTER","100 PIONEERS MEDICAL CENTER DRIVE",32204,7207771234,"RIO BLANCO"
3424,"KAISER FOUNDATION HOSPITAL-SANTA ROSA","9920 TALBERT AVENUE",95338,4088482000,ORANGE
3429,"SADDLEBACK MEMORIAL MEDICAL CENTER","1350 W COVINA BLVD",91763,6269638411,"LOS ANGELES"
3431,"SHANDS LAKE SHORE REGIONAL MEDICAL CENTER","201 E SAMPLE RD",34667,3216372603,BROWARD
3432,"SIERRA VISTA REGIONAL MEDICAL CENTER","2755 HERNDON AVE",92653,2134847111,FRESNO
3437,"PIKES PEAK REGIONAL HOSPITAL","410 BENEDICTA AVENUE",33140,9708785047,"LAS ANIMAS"
3439,"MT EDGECUMBE HOSPITAL","222 TONGASS DR",85364,6238485000,SITKA
3444,"WEST HILLS HOSPITAL & MEDICAL CENTER","2615 CHESTER AVENUE",90716,3105324200,KERN
3448,"METHODIST HOSPITAL OF SACRAMENTO","7901 WALKER STREET",95337,9095996811,ORANGE
3450,"LUCILE SALTER PACKARD CHILDREN'S HSP AT STANFORD","9300 VALLEY CHILDRENS PLACE",80517,7149973000,FRESNO
3452,"WINDHAM COMM MEM HOSP & HATCH HOSP","56 FRANKLIN ST",34474,8603446000,"NEW HAVEN"
3455,"NORTHWEST HEALTH PHYSICIANS SPECIALTY HOSPITAL","5201 NORTH SHORE DRIVE",71822,8707223800,PULASKI
3459,"HEALTHBRIDGE CHILDREN'S HOSPITAL - ORANGE","4650 SUNSET BLVD",81625,9493652408,"LOS ANGELES"
3463,"ELMORE COMMUNITY HOSPITAL","500 HOSPITAL DRIVE",36426,3345674311,ELMORE
3468,"OAK VALLEY HOSPITAL DISTRICT","1300 N VERMONT AVE",95816,6507423200,"LOS ANGELES"
3469,"COMMUNITY HOSPITAL OF LONG BEACH","2900 CHANTICLEER AVENUE",95540,6613166000,"SANTA CRUZ"
3470,"BAYFRONT HEALTH PORT CHARLOTTE","301 MEMORIAL MEDICAL PARKWAY",32177,3869175000,VOLUSIA
3476,"SAN LEANDRO HOSPITAL","1 QUALITY DRIVE",81004,3103560550,SOLANO
3477,"ORLANDO HEALTH","1150 VARNUM ST NE",32570,9042440411,"DISTRICT OF COLUMBIA"
3480,"GREENE COUNTY HOSPITAL","509 WILSON AVENUE",36853,2053723388,GREENE
3488,"MEMORIAL HOSPITAL, THE","1017 W 7TH ST",33901,7193465311,YUMA
3495,"CHILDREN'S HOSPITAL OF ORANGE COUNTY","41870 GARSTIN DR",81073,8585761700,"SAN BERNARDINO"
3498,"KAISER FOUNDATION HOSP SO SACRAMENTO","1100 LAS TABLAS RD",90059,3232670477,"SAN LUIS OBISPO"
3502,"ST VINCENT HOSPITAL GENERAL DISTRICT","750 HOSPITAL LOOP",34452,9707243442,MOFFAT
3504,"WADLEY REGIONAL MEDICAL CENTER AT HOPE","3873 NORTH PARKVIEW DRIVE",71923,5015852000,WASHINGTON
3507,"ALAMEDA HOSPITAL","38600 MEDICAL CENTER DRIVE",96001,6195025800,"LOS ANGELES"
3521,"GARFIELD MEDICAL CENTER","3001 SILLECT AVENUE",95448,5629453561,KERN
3524,"SONORA REGIONAL MEDICAL CENTER","11234 ANDERSON ST",94305,2095323161,"SAN BERNARDINO"
3525,"LINCOLN COMMUNITY HOSPITAL","310 COUNTY RD 14",20032,9708542241,"RIO GRANDE"
3527,"LOS ROBLES HOSPITAL & MEDICAL CENTER","1100 VETERANS BOULEVARD",92562,7079386000,"SAN MATEO"
3528,"PAGE HOSPITAL","901 WEST REX ALLEN DRIVE",72703,9287376000,COCHISE
3529,"GREEN VALLEY HOSPITAL","7171 SOUTH 51ST AVENUE",85938,9286845421,MARICOPA
3530,"HOLY CROSS HOSPITAL","101 COLE AVENUE",72956,9284021122,COCHISE
3534,"PROVIDENCE HOSPITAL","6801 AIRPORT BOULEVARD",36451,2516331000,MOBILE
3536,"COMMUNITY HOSPITAL OF THE MONTEREY PENINSULA","9333 IMPERIAL HIGHWAY",92801,2137482411,"LOS ANGELES"
3538,"SAN ANTONIO REGIONAL HOSPITAL","1303 E HERNDON AVE",91776,8589393400,FRESNO
3552,"COMMUNITY HOSPITAL","501 E HAMPDEN AVENUE",6504,9708791322,ARAPAHOE
3554,"HUNTSVILLE HOSPITAL","101 SIVLEY RD",35903,2562651000,MADISON
3556,"ALTA BATES SUMMIT MEDICAL CENTER - ALTA BATES CAMP","820 E MOUNTAIN VIEW STREET",93102,5102044444,"SAN BERNARDINO"
3561,"SAINT LOUISE REGIONAL HOSPITAL","6600 BRUCEVILLE ROAD",93545,9516798888,SACRAMENTO
3563,"YUKON KUSKOKWIM DELTA REG HOSPITAL","PO BOX 287",99901,9075632662,BETHEL
3565,"MARSHALL MEDICAL CENTER SOUTH","2505 U S HIGHWAY 431 NORTH",35957,2565938310,MARSHALL
3572,"ARKANSAS VALLEY REGIONAL MEDICAL CENTER","1375 EAST 19TH AVE",6830,3037885000,DENVER
3580,"BULLOCK COUNTY HOSPITAL","102 WEST CONECUH AVENUE",36732,3347382140,BULLOCK
3581,"MOTION PICTURE & TELEVISION HOSPITAL","26501 AVENUE 140",93720,8054972727,TULARE
3582,"LITTLE COLORADO MEDICAL CENTER","STATE ROUTE 264 SOUTH 191",71953,5204326401,APACHE
3583,"KAISER FOUNDATION HOSPITAL - SAN DIEGO","2131 W 3RD ST",92806,4154442000,"LOS ANGELES"
3589,"OZARKS COMMUNITY HOSPITAL OF GRAVETTE","1206 GORDON DUCKWORTH DRIVE",96080,5013641100,CLAY
3610,"CAPE CANAVERAL HOSPITAL","1401 W SEMINOLE BLVD",33126,8136157200,SEMINOLE
3615,"FORT DEFIANCE INDIAN HOSPITAL","PO BOX 649",85206,9282832501,APACHE
3616,"KECK HOSPITAL OF USC","28400 MCCALL B0ULEVARD",96028,9252759200,RIVERSIDE
3627,"BAPTIST HEALTH MEDICAL CENTER HEBER SPINGS","130 MEDICAL CIRCLE",94010,5017457000,HOWARD
3638,"WOODLAND MEMORIAL HOSPITAL","225 N JACKSON AVENUE",93930,7607248411,"SANTA CLARA"
3646,"STANFORD HEALTH CARE","10666 NORTH TORREY PINES ROAD",91364,6263975000,"SAN DIEGO"
3651,"HELENA REGIONAL MEDICAL CENTER","#1 MEDICAL PARK DRIVE",72560,8708632000,SALINE
3656,"EAST MORGAN COUNTY HOSPITAL","2350 MEADOWS BLVD",20007,9708589871,DOUGLAS
3664,"JOHN C FREMONT HEALTHCARE DISTRICT","255 E BONITA AVE",80113,7608765501,"LOS ANGELES"
3671,"WHITE COUNTY MEDICAL CENTER","719 DETROIT STREET",72902,4793946100,YELL
3672,"BAPTIST MEDICAL CENTER - BEACHES","368 NE FRANKLIN ST",34223,8633144466,COLUMBIA
3675,"MOBILE INFIRMARY MEDICAL CENTER","5 MOBILE INFIRMARY CIRCLE",35021,2514354700,MOBILE
3680,"MIZELL MEMORIAL HOSPITAL","702 N MAIN ST",36467,3344933541,COVINGTON
3682,"MIRACLE MILE MEDICAL CENTER","1025 S ANAHEIM BLVD",95249,7147545454,ORANGE
3688,"SAN JOAQUIN COMMUNITY HOSPITAL","100 W  CALIFORNIA BLVD",92691,4153532733,"LOS ANGELES"
3691,"ORANGE COAST MEMORIAL MEDICAL CENTER","4060 WHITTIER BLVD",95472,9166882000,"LOS ANGELES"
3700,"BAPTIST HOSPITAL OF MIAMI","110 IRVING ST NW",33707,3218438000,"DISTRICT OF COLUMBIA"
3703,"CITRUS VALLEY MEDICAL CENTER-IC CAMPUS","1200 N STATE ST, ROOM C2K100",94903,4085592011,"LOS ANGELES"
3712,"FLORIDA HOSPITAL","1310 SOUTHERN AVENUE  SE",33033,5617377733,"DISTRICT OF COLUMBIA"
3719,"ST MARY MEDICAL CENTER","1601 YGNACIO VALLEY RD",93308,5596388155,"CONTRA COSTA"
3720,"OCALA REGIONAL MEDICAL CENTER","2001 W 68TH ST",33050,3523334100,MIAMI-DADE
3728,"HACIENDA CHILDREN'S HOSPITAL, INC.","1919 EAST THOMAS ROAD",72034,4795244141,MARICOPA
3735,"POMONA VALLEY HOSPITAL MEDICAL CENTER","1001 POTRERO AVENUE",92311,8055435353,"SAN FRANCISCO"
3747,"DOCTORS MEDICAL CENTER","333 MERCY AVENUE",92708,4156681000,MERCED
3749,"KAISER FOUNDATION HOSPITAL - FRESNO","2900 EUREKA WAY",95948,5594318000,SHASTA
3752,"CHOCTAW GENERAL HOSPITAL","401 VANITY FAIR LANE, PO BOX 618",99645,2052743000,CHOCTAW
3754,"RADY CHILDREN'S HOSPITAL - SAN DIEGO","1306 MARICOPA HWY",80737,3236692164,VENTURA
3756,"NORWALK HOSPITAL ASSOCIATION","71 HAYNES ST",33677,2037397000,HARTFORD
3766,"RIVERVIEW REGIONAL MEDICAL CENTER","600 SOUTH THIRD STREET",36033,2565435200,ETOWAH
3768,"HAZEL HAWKINS MEMORIAL HOSPITAL","26520 CACTUS AVENUE",91723,7602561761,RIVERSIDE
3776,"SAN LUIS VALLEY HEALTH CONEJOS COUNTY HOSPITAL","2400 W EDISON ST",32209,9706755011,MORGAN
3781,"NORTHRIDGE HOSPITAL MEDICAL CENTER","222 W 39TH AVE",93003,2098233111,"SAN MATEO"
3784,"CHI ST. VINCENT HOSPITAL HOT SPRINGS","609 WEST MAPLE AVENUE",71901,8705081000,WASHINGTON
3790,"HEMET VALLEY MEDICAL CENTER","1000 W CARSON ST",92120,6268142468,"LOS ANGELES"
3794,"BANNER THUNDERBIRD MEDICAL CENTER","6644 EAST BAYWOOD AVENUE",85941,6238796100,MARICOPA
3795,"NOVATO COMMUNITY HOSPITAL","4002 VISTA WAY",95076,6262895454,"SAN DIEGO"
3796,"ORANGE COUNTY GLOBAL MEDICAL CENTER","555 EAST HARDY STREET",95453,7145336220,"LOS ANGELES"
3805,"NORTH FLORIDA REGIONAL MEDICAL CENTER","3625 UNIVERSITY BLVD S",32428,3058235000,DUVAL
3814,"BROWARD HEALTH MEDICAL CENTER","1100 NW 95TH ST",33486,9417465111,MIAMI-DADE
3815,"EVERGREEN MEDICAL CENTER","101 CRESTVIEW AVENUE",35661,2515782480,CONECUH
3817,"SUMMIT HEALTHCARE REGIONAL MEDICAL CENTER","2200 EAST SHOW LOW LAKE ROAD",85016,5208744189,NAVAJO
3828,"BAPTIST HEALTH MEDICAL CENTER-STUTTGART","1600 WEST 40TH AVENUE",72958,5019857000,JEFFERSON
3835,"PRATTVILLE BAPTIST HOSPITAL","124 S MEMORIAL DR",35447,3343614267,AUTAUGA
3846,"BEEBE MEDICAL CENTER","282 WASHINGTON STREET",33853,3026296611,HARTFORD
3850,"BAYFRONT HEALTH PUNTA GORDA","1600 S ANDREWS AVE",33710,3869434772,BROWARD
3852,"BAPTIST MEDICAL CENTER EAST","400 TAYLOR ROAD",35653,3342448330,MONTGOMERY
3862,"ST VINCENT'S BIRMINGHAM","810 ST VINCENT'S DRIVE",35042,2059397000,JEFFERSON
3864,"GRAND RIVER MEDICAL CENTER","555 PROSPECT AVENUE",34102,7197385100,LARIMER
3865,"MERCY HOSPITAL NORTHWEST ARKANSAS","TWO ST VINCENT CIRCLE",71701,4794952241,PULASKI
3876,"FLORENCE HOSPITAL AT ANTHEM, LLC","750 NORTH 40TH STREET",85603,4807333300,MARICOPA
3881,"SAN RAMON REGIONAL MEDICAL CTR","5601 DE SOTO",93546,9513532000,"LOS ANGELES"
3883,"FLOWERS HOSPITAL","4370 WEST MAIN STREET",35205,3347935000,HOUSTON
3885,"ELIZA COFFEE MEMORIAL HOSPITAL","205 MARENGO STREET",35631,2567688400,LAUDERDALE
3887,"MUNROE REGIONAL MEDICAL CENTER","1900 DON WICKHAM DR",34209,7279425000,LAKE
3890,"ST JOSEPH'S HOSPITAL","350 NORTH WILMOT ROAD",85015,9284452700,PIMA
3892,"VAUGHAN REGIONAL MEDICAL CENTER PARKWAY CAMPUS","1015 MEDICAL CENTER PARKWAY",36460,3344184100,DALLAS
3894,"DEKALB REGIONAL MEDICAL CENTER","200 MED CENTER DRIVE",35968,2568453150,"DE KALB"
3907,"FLORIDA HOSPITAL DELAND","206 2ND ST E",32932,7277331111,MANATEE
3910,"O.A.S.I.S. HOSPITAL","37000 NORTH GANTZEL ROAD",86047,5204242060,PINAL
3912,"BANNER - UNIVERSITY MEDICAL CENTER PHOENIX","1111 EAST MCDOWELL ROAD",85222,5203275461,MARICOPA
3915,"UNIVERSITY OF MIAMI HOSPITAL","111 MICHIGAN AVE, NW",33756,4073031976,"DISTRICT OF COLUMBIA"
3922,"MEDSTAR WASHINGTON HOSPITAL CENTER","900 23RD ST NW",32250,2022697000,"DISTRICT OF COLUMBIA"
3923,"KAISER FOUNDATION HOSPITAL - ANTIOCH","6000 SAN VICENTE BLVD",94304,6192293172,"LOS ANGELES"
3925,"MARSHALL MEDICAL CENTER","400 NORTH PEPPER AVENUE",92882,6613994461,"SAN BERNARDINO"
3930,"BAPTIST MEDICAL CENTER SOUTH","2105 EAST SOUTH BOULEVARD",36116,3342882100,MONTGOMERY
3934,"MT SAN RAFAEL HOSPITAL","23500 US HWY 160",32401,9706411456,HUERFANO
3946,"MEMORIAL HOSPITAL LOS BANOS","4647 ZION AVE",92064,9257797200,"SAN DIEGO"
3947,"GADSDEN REGIONAL MEDICAL CENTER","1007 GOODYEAR AVENUE",35570,2564944000,ETOWAH
3950,"LAKE WALES MEDICAL CENTER","600 E DIXIE AVE",33615,9048194426,LAKE
3953,"ST MARYS  MEDICAL CENTER","1719 E 19TH AVE",6904,7193655000,DENVER
3956,"RMC JACKSONVILLE","1701 SOUTH PELHAM ROAD",36037,2567824538,CALHOUN
3965,"LAKELAND COMMUNITY HOSPITAL","42024 HIGHWAY 195 E",36081,2054857117,WINSTON
3967,"CHI-ST VINCENT INFIRMARY","3215 N NORTH HILLS BOULEVARD",72455,4793388000,WASHINGTON
3972,"SUTTER TRACY COMMUNITY HOSPITAL","2450 ASHBY AVENUE",90710,2098351500,ALAMEDA
3974,"SOUTHWEST MEMORIAL HOSPITAL","1000 RUSH DRIVE",34208,7196879999,CHAFFEE
3976,"MARION REGIONAL MEDICAL CENTER","1256 MILITARY STREET SOUTH",35555,2059216200,MARION
3981,"WESTERN ARIZONA REGIONAL MEDICAL CENTER","18701 NORTH 67TH AVENUE",85296,4803424201,MARICOPA
3982,"COALINGA REGIONAL MEDICAL CENTER","1117 EAST DEVONSHIRE",92647,8056827111,RIVERSIDE
3991,"BIBB MEDICAL CENTER","208 PIERSON AVE",35650,2059264881,BIBB
3994,"MERCY SAN JUAN MEDICAL CENTER","354 SANTA FE DRIVE",93010,5107844000,"SAN DIEGO"
4000,"ST JUDE MEDICAL CENTER","3291 LOMA VISTA RD",91206,5266980811,VENTURA
4008,"DAMERON HOSPITAL","1205 E NORTH STREET",90602,8187907100,"SAN JOAQUIN"
4009,"ALTA BATES SUMMIT MEDICAL CENTER","2550 SISTER MARY COLUMBA DRIVE",95476,7603397100,TEHAMA
4015,"AVENTURA HOSPITAL AND MEDICAL CENTER","151 REDSTONE AVE SE",33401,7274627000,OKALOOSA
4017,"LEESBURG REGIONAL MEDICAL CENTER","17240 CORTEZ BLVD",33511,9417664122,HERNANDO
4021,"UNIVERSITY OF COLORADO HOSPITAL AUTHORITY","11600 WEST 2ND PLACE",6320,9702981950,JEFFERSON
4026,"ARIZONA SPECIALTY HOSPITAL","2800 EAST AJO WAY",85120,9283384911,PIMA
4027,"USC VERDUGO HILLS HOSPITAL","115 MALL DRIVE",95405,4082595000,KINGS
4028,"JOHN MUIR MEDICAL CENTER - WALNUT CREEK CAMPUS","1165 MONTGOMERY DR",93906,8313856000,SONOMA
4030,"SCRIPPS MEMORIAL HOSPITAL LA JOLLA","1420 N TRACY BLVD",92225,8586264123,"SAN JOAQUIN"
4040,"SHARP MEMORIAL HOSPITAL","725 S ORANGE AVE",95901,7075545280,"LOS ANGELES"
4045,"ARKANSAS CHILDREN'S HOSPITAL","1101 JACKSON STREET SW",94609,5107826200,BENTON
4046,"MARK TWAIN MEDICAL CENTER","130 BRENTWOOD DRIVE",80723,8056886431,PLUMAS
4060,"PROVIDENCE SAINT JOSEPH MEDICAL CTR","1911 JOHNSON AVE",94705,8059556000,"SAN LUIS OBISPO"
4063,"MERCY MEDICAL CENTER REDDING","15031 RINALDI ST",90503,6265701606,"LOS ANGELES"
4075,"SAN GORGONIO MEMORIAL HOSPITAL","2333 BUCHANAN STREET",91790,6619495000,"SAN FRANCISCO"
4077,"PRESBYTERIAN ST LUKES MEDICAL CENTER","8300 W 38TH AVE",81147,9702474311,JEFFERSON
4081,"LONGMONT UNITED HOSPITAL","393 S TUSTIN STREET",80461,9708104121,ORANGE
4085,"GARDEN GROVE HOSPITAL & MEDICAL CENTER","1111 W LA PALMA AVENUE",95023,9098659500,ORANGE
4087,"PARRISH MEDICAL CENTER","350 7TH ST N",33040,8504167000,COLLIER
4089,"CRESTWOOD MEDICAL CENTER","ONE HOSPITAL DR SE",35209,2568823100,MADISON
4096,"HOLMES REGIONAL MEDICAL CENTER","8900 N KENDALL DR",32063,3862544000,MIAMI-DADE
4098,"KAWEAH DELTA MEDICAL CENTER","1600 W AVE J",92503,5594596000,"LOS ANGELES"
4101,"FIVE RIVERS MEDICAL CENTER","1808 WEST MAIN STREET",72120,8708361000,POPE
4108,"KAISER FOUNDATION HOSPITAL","2540 EAST ST",95119,7607536501,"CONTRA COSTA"
4109,"LEVI HOSPITAL","1710 HARRISON STREET",72370,5012197000,INDEPENDENCE
4111,"SAN MATEO MEDICAL CENTER","1515 E OCEAN AVENUE",94109,7607393000,"SANTA BARBARA"
4112,"TAMPA GENERAL HOSPITAL","60 MEMORIAL MEDICAL PKWY",33029,7862438000,FLAGLER
4114,"SUTTER COAST HOSPITAL","1191 PHELPS AVENUE",94063,9169837400,FRESNO
4115,"VAIL VALLEY MEDICAL CENTER","2525 S DOWNING ST",6418,9705220122,DENVER
4121,"CALIFORNIA PACIFIC MEDICAL CTR-PACIFIC CAMPUS HOSP","1415 ROSS AVENUE",93710,4156416562,IMPERIAL
4122,"CLOVIS COMMUNITY MEDICAL CENTER","1145 W REDONDO BEACH BLVD",91710,5629332000,"LOS ANGELES"
4123,"FLORIDA HOSPITAL FISH MEMORIAL","6600 MADISON ST",33024,9414857711,PASCO
4130,"LONG BEACH MEMORIAL MEDICAL CENTER","450 STANYAN ST",90623,2139772121,"SAN FRANCISCO"
4131,"STANISLAUS SURGICAL HOSPITAL","7300 NORTH FRESNO ST",95422,6268511011,FRESNO
4148,"SIERRA NEVADA MEMORIAL HOSPITAL","23625 W R HOLMAN HIGHWAY",91767,4153536000,MONTEREY
4149,"FRANK R HOWARD MEMORIAL HOSPITAL","43563 HWY 299 EAST",80210,5302796111,SHASTA
4163,"BANNER GATEWAY MEDICAL CENTER","1301 SOUTH CRISMON ROAD",85344,4803247004,MARICOPA
4168,"YUMA DISTRICT HOSPITAL","900 CEDAR STREET",32170,9708249411,SEDGWICK
4169,"BLAKE MEDICAL CENTER","2801 N STATE RD 7",33070,8138736400,BROWARD
4174,"GLENDALE ADVENTIST MEDICAL CENTER","2975 N SYCAMORE DR",95376,8314627700,VENTURA
4183,"DESERT VALLEY HOSPITAL","1500 SAN PABLO ST",95490,8189043100,"LOS ANGELES"
4184,"KAISER FOUNDATION HOSPITAL - FREMONT","11815 EDUCATION STREET",93215,8505467600,PLACER
4191,"LOMA LINDA UNIVERSITY MEDICAL CENTER-MURRIETA","1100 BUTTE ST",80033,7076244000,SHASTA
4203,"SUTTER SURGICAL HOSPITAL - NORTH VALLEY","4501 SAND CREEK ROAD",80601,5302445454,"CONTRA COSTA"
4207,"LAKEWOOD REGIONAL MEDICAL CENTER","1250 E ALMOND AVE",92805,5628600401,MADERA
4213,"KAISER FOUNDATION HOSPITAL-SANTA CLARA","1100 WEST STEWART DR",90404,9252954000,ORANGE
4214,"CENTURA HEALTH-ST ANTHONY HOSPITAL","1024 S LEMAY AVE",6105,3038396000,LARIMER
4216,"BANNER HEART HOSPITAL","5777 EAST MAYO BOULEVARD",85209,4808324770,MARICOPA
4217,"NORTH BALDWIN INFIRMARY","1815 HAND AVENUE",35125,2519375521,BALDWIN
4220,"PROVIDENCE LITTLE COMPANY OF MARY MED CTR TORRANCE","309 W BEVERLY BLVD",90806,3105407676,"LOS ANGELES"
4224,"UKIAH VALLEY MEDICAL CENTER","911 SUNSET DRIVE",90241,7074623111,"SAN BENITO"
4225,"SANTA ROSA MEDICAL CENTER","4200 SUN N LAKE BLVD",33065,3865862000,HIGHLANDS
4246,"MENA REGIONAL HEALTH SYSTEM","3214 EAST RACE AVENUE",72917,5016865000,WHITE
4251,"PALMDALE REGIONAL MEDICAL CENTER","2000 MOWRY AVE",91346,6263350231,ALAMEDA
4253,"NORTON SOUND REGIONAL HOSPITAL","1000 GREG KRUSCHEK AVENUE (P O BOX 966)",86326,9078425201,NOME
4269,"JACKSON MEMORIAL HOSPITAL","1400 NW 12TH AVE",32308,2394365000,MIAMI-DADE
4270,"BAYFRONT HEALTH - ST PETERSBURG","502 W HIGHLAND BLVD",33805,3058356000,CITRUS
4271,"KAISER FOUNDATION HOSPITAL-MORENO VALLEY","5000 SAN BERNARDINO ST",80501,2139896123,"SAN BERNARDINO"
4278,"ST MARYS REGIONAL MEDICAL CENTER","900 WEST KINGSHIGHWAY",72211,8708926000,GREENE
4280,"KERN VALLEY HEALTHCARE DISTRICT","741 NORTH MAIN STREET",81601,5308465671,MODOC
4285,"HOWARD MEMORIAL HOSPITAL","2106 EAST MAIN STREET",95501,5018873000,STONE
4286,"KAISER FOUNDATION HOSPITAL - SAN FRANCISCO","975 SERENO DR",95336,6192948111,SOLANO
4295,"MEMORIAL MEDICAL CENTER","15000 ARNOLD DRIVE   /  P O BOX 1493",91706,5627993220,SONOMA
4300,"UNIVERSITY OF S A CHILDREN'S AND WOMEN'S HOS","1700 CENTER STREET",99559,9075622211,MOBILE
4301,"MOUNTAIN VISTA MEDICAL CENTER, LP","5656 SOUTH POWER ROAD",86042,4805432000,MARICOPA
4307,"BANNER IRONWOOD MEDICAL CENTER","7400 EAST THOMPSON PEAK PARKWAY",86505,6027977700,MARICOPA
4309,"CHILDREN'S HOSPITAL OF ALABAMA","1600 SEVENTH AVENUE SOUTH",99701,2514151000,JEFFERSON
4310,"MAT-SU REGIONAL MEDICAL CENTER","2500 SOUTH WOODWORTH LOOP",99615,9077968900,"MATANUSKA SUSITNA"
4311,"HAXTUN HOSPITAL DISTRICT","4700 LADY MOON DR",20016,9708426222,LARIMER
4313,"SAN LUIS VALLEY HEALTH","2425 STOCKTON BOULEVARD",81201,9702492211,SACRAMENTO
4315,"KAISER FOUNDATION HOSPITAL - SACRAMENTO","1650 CREEKSIDE DRIVE",92626,8584559100,SACRAMENTO
4324,"QUEEN OF THE VALLEY MEDICAL CENTER","601 DUBOCE AVE",93534,7079633611,"SAN FRANCISCO"
4325,"ALFRED I DUPONT HOSPITAL FOR CHILDREN","7TH AND CLAYTON STS",32960,3024223311,"NEW CASTLE"
4326,"SANTA MONICA - UCLA MED CTR & ORTHOPAEDIC HOSPITAL","2825 CAPITOL AVENUE",95945,6505732222,SACRAMENTO
4336,"WHITERIVER PHS INDIAN HOSPITAL","2905 WEST WARNER ROAD, SUITE 1",85339,5209013549,MARICOPA
4340,"CONNECTICUT CHILDRENS MEDICAL CENTER","100 GRAND STREET",34239,8605233800,HARTFORD
4345,"EL CENTRO REGIONAL MEDICAL CENTER","350 HAWTHORNE AVENUE",90255,9518451121,ALAMEDA
4348,"SCOTTSDALE SHEA MEDICAL CENTER","6200 NORTH LA CHOLLA BOULEVARD",85395,4803233000,PIMA
4354,"HELEN KELLER MEMORIAL HOSPITAL","1300 SOUTH MONTGOMERY AVENUE",35660,2563864556,COLBERT
4365,"ST. MARY'S HOSPITAL","1601 WEST ST MARY'S ROAD",85013,5208733000,PIMA
4373,"SUTTER AUBURN FAITH HOSPITAL","7300 MEDICAL CENTER DR",92870,5593244000,"LOS ANGELES"
4393,"KAISER FOUNDATION HOSPITAL - VACAVILLE","18321 CLARK STREET",81401,9512516000,"LOS ANGELES"
4403,"SACRED HEART HOSPITAL","401 PALMETTO ST",32034,3055851111,VOLUSIA
4405,"MEDICAL CENTER SOUTH ARKANSAS","1801 MARTIN LUTHER KING JR DRIVE",71852,5012022000,PHILLIPS
4413,"GLENDALE MEM HOSPITAL & HLTH CENTER","400 W MINERAL KING AVE",90033,2134133000,TULARE
4414,"JEFFERSON REGIONAL MEDICAL CENTER","1520 N DIVISION STREET",72632,8706733511,MISSISSIPPI
4415,"GOOD SAMARITAN HOSPITAL","1441 CONSTITUTION BOULEVARD",93901,5597841110,MONTEREY
4428,"NORTH SUBURBAN MEDICAL CENTER","602 N 6TH W ST",6102,3037781955,CHEYENNE
4442,"O'CONNOR HOSPITAL","155 GLASSON WAY",92118,8189955000,NEVADA
4448,"NORTHBAY MEDICAL CENTER","351 S PATTERSON AVE",95603,7076465000,"SANTA BARBARA"
4460,"KIT CARSON COUNTY MEMORIAL HOSPITAL","19021 US HWY 285",33136,9705774470,CONEJOS
4468,"VALLEY VIEW MEDICAL CENTER","9201 WEST THOMAS ROAD",85602,4807288000,MARICOPA
4476,"BARSTOW COMMUNITY HOSPITAL","2215 TRUXTUN AVENUE",92543,7602422311,KERN
4478,"MOUNT SINAI MEDICAL CENTER","5151 N 9TH AVE",32771,4072961820,ESCAMBIA
4511,"VALLEY CHILDREN'S HOSPITAL","2050 VIBORG RD",81648,9098666501,"SANTA BARBARA"
4518,"BAYFRONT HEALTH DADE CITY","3100 DOUGLAS RD",32340,9547768500,MIAMI-DADE
4519,"CATALINA ISLAND MEDICAL CENTER","501 EAST LOCUST STREET",80701,5303365511,INYO
4520,"DOCTORS HOSPITAL OF SARASOTA","4250 HOSPITAL DR",32907,3867199000,JACKSON
4523,"BRISTOL HOSPITAL","20 YORK ST",34601,2035765551,"NEW HAVEN"
4528,"MAYERS MEMORIAL HOSPITAL","500 FIRST AVENUE",81050,7609343311,PLUMAS
4529,"BAPTIST MEDICAL CENTER JACKSONVILLE","3001 W MARTIN LUTHER KING JR BLVD",33770,3523235762,HILLSBOROUGH
4532,"D W MCMILLAN MEMORIAL HOSPITAL","1301 BELLEVILLE AVENUE",36532,2518678061,ESCAMBIA
4535,"ARROWHEAD REGIONAL MEDICAL CENTER","1555 SOQUEL DRIVE",92037,8317554195,"SANTA CRUZ"
4543,"BANNER DEL E. WEBB MEDICAL CENTER","19829 NORTH 27TH AVENUE",85037,6235611000,MARICOPA
4544,"EAST LOS ANGELES DOCTORS HOSPITAL","2309 ANTONIO AVE",94578,8054343500,VENTURA
4548,"ST VINCENT'S MEDICAL CENTER","112 MANSFIELD AVENUE",34285,8606474780,WINDHAM
4549,"POMERADO HOSPITAL","3440 E LA PALMA AVE",90650,3104235000,ORANGE
4555,"BANNER GOLDFIELD MEDICAL CENTER","4545 NORTH HUNT HIGHWAY",85621,6235845100,PINAL
4566,"SHARP CORONADO HOSPITAL AND HLTHCR CTR","1798 N GAREY AVE",95482,8188435111,"LOS ANGELES"
4570,"ANTELOPE VALLEY HOSPITAL","3555 CESAR CHAVEZ STREET",92123,8185021900,"SAN FRANCISCO"
4572,"BANNER-UNIVERSITY MEDICAL CENTER TUCSON CAMPUS","1501 NORTH CAMPBELL AVENUE",85032,4804123000,PIMA
4573,"PIH HOSPITAL - DOWNEY","9449 SAN FERNANDO RD",95608,9516522811,"LOS ANGELES"
4578,"MEDICAL CENTER BARBOUR","820 W WASHINGTON ST",36251,3346887271,BARBOUR
4585,"CHARLOTTE HUNGERFORD HOSPITAL","64 ROBBINS ST",33012,2033843000,"NEW HAVEN"
4590,"CONNECTICUT HOSPICE INC,THE","130 DIVISION ST",32435,8606791145,"NEW HAVEN"
4591,"GREAT RIVER MEDICAL CENTER","101 HOSPITAL DRIVE",72949,8705417100,COLUMBIA
4593,"WINTER HAVEN HOSPITAL","7050 GALL BLVD",32605,3055582500,PASCO
4605,"LAWRENCE MEMORIAL HOSPITAL","900 SOUTH THIRD STREET",72202,8702694361,DESHA
4607,"SANTA BARBARA COTTAGE HOSPITAL","210 W  SAN BERNARDINO ROAD",94509,8056525011,"LOS ANGELES"
4612,"CHILDREN'S HOSPITAL & RESEARCH CENTER OAKLAND","768 MOUNTAIN RANCH RD",81140,5593535116,CALAVERAS
4613,"BAY MEDICAL CENTER SACRED HEART HEALTH SYSTEM","303 N CLYDE MORRIS BLVD",32446,3527261551,VOLUSIA
4615,"MT. GRAHAM REGIONAL MEDICAL CENTER","1600 SOUTH 20TH AVENUE",85741,9288558185,GRAHAM
4621,"SKY RIDGE MEDICAL CENTER","181 W MEADOW DRIVE",6405,3033884461,EAGLE
4624,"COMMUNITY HOSPITAL INC","805 FRIENDSHIP ROAD",35058,3342836541,ELMORE
4632,"MERCY HOSPITAL WALDRON","24 NORRIS STREET",71653,8702973726,CARROLL
4635,"MANATEE MEMORIAL HOSPITAL","615 N BONITA AVE",34233,7278231234,BAY
4636,"SOUTH FLORIDA BAPTIST HOSPITAL","6002 BERRYHILL RD",33407,8138447000,"SANTA ROSA"
4641,"FRENCH HOSPITAL MEDICAL CENTER","12601 GARDEN GROVE BLVD",92307,6194356251,ORANGE
4649,"MEDSTAR GEORGETOWN UNIVERSITY HOSPITAL","424 SAVANNAH RD",33871,2027456100,SUSSEX
4652,"HOAG ORTHOPEDIC INSTITUTE","1711 WEST TEMPLE STREET",81101,5307495700,"LOS ANGELES"
4656,"MAYO CLINIC","301 N ALEXANDER ST",34202,9043213500,HILLSBOROUGH
4658,"WHITE MEMORIAL MEDICAL CENTER","300 HOSPITAL DR",91402,3109008900,SOLANO
4662,"PARADISE VALLEY HOSPITAL","4445 MAGNOLIA AVENUE",92868,6195436222,RIVERSIDE
4663,"PROVIDENCE ALASKA MEDICAL CENTER","3200 PROVIDENCE DRIVE",99835,9078616000,ANCHORAGE
4666,"CORONA REGIONAL MEDICAL CENTER","1411 E 31ST STREET",92804,9517374343,ALAMEDA
4676,"ST FRANCIS HOSPITAL","100 DOUBLE BEACH ROAD",32086,3027331000,"NEW HAVEN"
4677,"MANIILAQ HEALTH CENTER","PO BOX 43",85711,9072255171,"NORTHWEST ARCTIC"
4682,"BAKERSFIELD MEMORIAL HOSPITAL","2767 OLIVE HIGHWAY",94611,4088855000,BUTTE
4683,"LAC+USC MEDICAL CENTER","869 NORTH CHERRY AVENUE",90057,3232262800,TULARE
4695,"FLORIDA HOSPITAL NEW SMYRNA","2815 S SEACREST BLVD",33430,3053255511,"PALM BEACH"
4696,"PARKER ADVENTIST HOSPITAL","100 HEALTH PARK DRIVE",6117,3037305888,BOULDER
4706,"JFK MEDICAL CENTER","7171 N DALE MABRY HWY",33709,9547718000,HILLSBOROUGH
4711,"PATIENTS' HOSPITAL OF REDDING","10800 MAGNOLIA AVENUE",95988,7075714000,RIVERSIDE
4714,"SAINT MARYS HOSPITAL","365 MONTAUK AVE",33881,8608725160,"NEW LONDON"
4717,"SHARP CHULA VISTA MEDICAL CENTER","150 WEST ROUTE 66",91801,9497644624,"LOS ANGELES"
4718,"DAY KIMBALL HOSPITAL","16420 HIGHWAY 24",34698,8607144000,TELLER
4722,"LAWRENCE & MEMORIAL HOSPITAL","114 WOODLAND STREET",33950,2032761000,HARTFORD
4723,"OLYMPIA MEDICAL CENTER","900 S ATLANTIC BLVD",95971,3106734660,"LOS ANGELES"
4728,"HONORHEALTH DEER VALLEY MEDICAL CENTER","5555 WEST THUNDERBIRD ROAD",85755,6235244000,MARICOPA
4733,"KAISER FOUNDATION HOSPITAL - ORANGE COUNTY - ANAHE","250 S GRAND AVE",90026,4089727000,"LOS ANGELES"
4735,"MERCY HOSPITAL","30 MARK WEST SPRINGS ROAD",95124,8316375711,SONOMA
4742,"PRESBYTERIAN INTERCOMMUNITY HOSPITAL","500 W HOSPITAL ROAD",95065,7075255300,"SAN JOAQUIN"
4752,"FLAGLER HOSPITAL","2500 HARBOR BLVD",34428,9547866950,CHARLOTTE
4754,"MERCY HOSPITAL OF FOLSOM","400 WEST PUEBLO",95616,3105176441,"SANTA BARBARA"
4758,"YUMA REGIONAL MEDICAL CENTER","2400 SOUTH AVENUE A",85224,6023315862,YUMA
4770,"BAPTIST HEALTH MEDICAL CENTER-ARKADELPHIA","451 WEST LOCKE STREET",91950,8708952691,"LITTLE RIVER"
4771,"KAISER FOUNDATION HOSPITAL - DOWNEY","13652 CANTARA ST",92663,9094275500,"LOS ANGELES"
4774,"MCKEE MEDICAL CENTER","1400 E BOULDER ST",6790,3038122000,"EL PASO"
4777,"FEATHER RIVER HOSPITAL","751 MEDICAL CENTER COURT",94015,7147741450,"SAN DIEGO"
4778,"KAISER FOUNDATION HOSPITAL - REDWOOD CITY","3901 LONE TREE WAY",91367,7603476191,"CONTRA COSTA"
4779,"HEALTHMARK REGIONAL MEDICAL CENTER","540 THE RIALTO",32405,8138704398,SARASOTA
4780,"REDWOOD MEMORIAL HOSPITAL","29101 HOSPITAL ROAD",80027,5308424121,"SAN BERNARDINO"
4794,"JOHNSON MEMORIAL HOSPITAL","320 POMFRET STREET",32565,8604420711,WINDHAM
4797,"RONALD REAGAN U C L A MEDICAL CENTER","901 OLIVE DRIVE",95240,9093355500,KERN
4801,"SAINT VINCENT MEDICAL CENTER","2801 ATLANTIC AVE",95823,9256828200,"LOS ANGELES"
4805,"SIERRA VIEW MEDICAL CENTER","1100 MARSHALL WAY",95370,3108256301,"EL DORADO"
4806,"NEA BAPTIST MEMORIAL HOSPITAL","9601 INTERSTATE 630, EXIT 7",72031,8702621200,PULASKI
4808,"UNIVERSITY COLO HEALTH MEMORIAL HOSPITAL CENTRAL","1010 THREE SPRINGS BLVD",6721,7195844000,"LA PLATA"
4811,"HIALEAH HOSPITAL","809 E MARION AVE",33609,3523944071,CHARLOTTE
4812,"ST BERNARDINE MEDICAL CENTER","1325 COTTONWOOD STREET",93654,4152091300,YOLO
4830,"HOWARD UNIVERSITY HOSPITAL","801 MIDDLEFORD RD",33936,2027164605,SUSSEX
4836,"ED FRASER MEMORIAL HOSPITAL","975 BAPTIST WAY",33331,5619966571,MIAMI-DADE
4841,"REGIONAL MEDICAL CENTER OF SAN JOSE","525 WEST ACACIA STREET",95382,8187826600,"SAN JOAQUIN"
4842,"SALINAS VALLEY MEMORIAL HOSPITAL","9888 GENESEE AVENUE",91109,8317574333,"SAN DIEGO"
4847,"MILFORD HOSPITAL, INC","540 LITCHFIELD ST",34689,2038633000,LITCHFIELD
4853,"BAYFRONT HEALTH BROOKSVILLE","1500 SW 1ST AVE",33324,8139322222,MARION
4898,"INDIAN RIVER MEDICAL CENTER","1700 S TAMIAMI TRL",33484,8504344011,SARASOTA
4899,"BROOKWOOD MEDICAL CENTER","2010 BROOKWOOD MEDICAL CENTER DRIVE",36401,2058771000,JEFFERSON
4909,"ENLOE MEDICAL CENTER","751 SOUTH BASCOM AVENUE",93030,8183641555,"SANTA CLARA"
4913,"COLLEGE HOSPITAL COSTA MESA","17772 BEACH BLVD",92585,5307566440,ORANGE
4914,"SUTTER AMADOR HOSPITAL","10 WOODLAND ROAD",91204,9164534453,NAPA
4915,"BANNER-UNIVERSITY MEDICAL CENTER SOUTH CAMPUS","13677 WEST MCDOWELL ROAD",85132,4806039000,MARICOPA
4939,"NORTH OKALOOSA MEDICAL CENTER","1500 LEE BLVD",33414,9042472900,LEE
4941,"NORTHEAST ALABAMA REGIONAL MEDICAL CENTER","400 EAST 10TH STREET",35611,2562355121,CALHOUN
4943,"SIBLEY MEMORIAL HOSPITAL","21 WEST CLARKE AVENUE",34741,2027843000,SUSSEX
4946,"BEVERLY HOSPITAL","975 S FAIRMONT AVENUE",90247,3237261222,"SAN JOAQUIN"
4951,"SCRIPPS MERCY HOSPITAL","275 W MACARTHUR BOULEVARD",93230,3108323311,ALAMEDA
4953,"SAN JOAQUIN GENERAL HOSPITAL","16237 VENTURA BLVD",91006,7149923000,"LOS ANGELES"
4954,"COMMUNITY HOSPITAL OF HUNTINGTON PARK","1805 MEDICAL CENTER DRIVE",92056,5594503000,"SAN BERNARDINO"
4967,"POUDRE VALLEY HOSPITAL","1950 MOUNTAIN VIEW AVENUE",81611,3034254500,BOULDER
4971,"JOHN DEMPSEY HOSPITAL","BREWSTER RD",33462,8602245011,HARTFORD
4979,"TRINITY HOSPITAL","733 CEDAR ST",80751,9093363651,HUMBOLDT
4988,"LARKIN COMMUNITY HOSPITAL PALM SPRINGS CAMPUS","200 SE HOSPITAL AVE",33063,8506754532,MARTIN
4990,"SHRINERS HOSPITALS FOR CHILDREN NORTHERN CALIF","725 WELCH ROAD",81650,2133883151,"SANTA CLARA"
4993,"LOMA LINDA UNIVERSITY CHILDREN'S HOSPITAL","1600 EUREKA ROAD",81212,5625951911,PLACER
4994,"SAN DIMAS COMMUNITY HOSPITAL","39-000 BOB HOPE DRIVE",92705,5626026751,RIVERSIDE
4998,"HEART OF FLORIDA REGIONAL MEDICAL CENTER","300 PINELLAS ST",32935,8137571200,PINELLAS
5000,"LAWRENCE MEDICAL CENTER","202 HOSPITAL STREET",35768,2569742200,LAWRENCE
